Author;Clean_name;Google;Wiki_par;Wiki_natio;Wiki_link;Nationality
Thwing, Edward P[ayson];Thwing Edward Payson;;;;;
Jones, Joseph;Jones Joseph;American;American;;https://en.wikipedia.org/wiki/Joseph_R._Jones;American
Allan-Olney, Mary;Allan-Olney Mary;;;;;
of Samosata. Lucian;of Samosata. Lucian;;Greek;;https://en.wikipedia.org/wiki/Lucian;Greek
Arnold, Matthew;Arnold Matthew;English;English;British;https://en.wikipedia.org/wiki/Matthew_Arnold;British
Peck, George W. (George Wilbur);George Wilbur Peck;;American;;https://en.wikipedia.org/wiki/George_Wilbur_Peck;American
Smith, C. S. [old catalog heading];Smith C. S. old catalog heading;;;;https://en.wikipedia.org/wiki/Johnson_Smith_Company;
Jefferies, Richard;Jefferies Richard;English;English;English;https://en.wikipedia.org/wiki/Richard_Jefferies;English
Chapman, C. I. A. (Charles Isaac Abee);Charles Isaac Abee Chapman;;;;;
Washburn, A. L, Mrs;Washburn A. L Mrs;;;;https://en.wikipedia.org/wiki/D._W._Washburn;
Edwards, Annie;Edwards Annie;;English;;https://en.wikipedia.org/wiki/Annie_Edwards;English
Flaubert, Gustave;Flaubert Gustave;French;French;;https://en.wikipedia.org/wiki/Gustave_Flaubert;French
Francis, Francis;Francis Francis;;English;;https://en.wikipedia.org/wiki/Francis_Francis_(writer);English
Marshall, Emma, Mrs;Marshall Emma Mrs;;English;British;https://en.wikipedia.org/wiki/Emma_Marshall;British
Malory, Thomas, Sir;Malory Thomas Sir;;English;;https://en.wikipedia.org/wiki/Thomas_Malory;English
Hutcheson, John C. (John Conroy);John Conroy Hutcheson;;British;;https://en.wikipedia.org/wiki/John_Conroy_Hutcheson;British
De Fonblanque, Albany;De Fonblanque Albany;;English;;https://en.wikipedia.org/wiki/Albany_Fonblanque;English
Wilton, Maurice;Wilton Maurice;;;;;
Eliot, George;Eliot George;English;English;;https://en.wikipedia.org/wiki/George_Eliot;English
Stockton, Frank Richard;Stockton Frank Richard;;American;American;https://en.wikipedia.org/wiki/Frank_R._Stockton;American
Black, William;Black William;;;Scottish;https://en.wikipedia.org/wiki/William_Black_(novelist);Scottish
Carrington;Carrington;British;British;;https://en.wikipedia.org/wiki/Leonora_Carrington;British
[Shoemaker, Jacob W];Shoemaker Jacob W;;;;;
Tourgée, Albion Winegar;Tourgée Albion Winegar;American;American;American;https://en.wikipedia.org/wiki/Albion_W._Tourgée;American
Van Wart, Irving;Van Wart Irving;;American;;https://en.wikipedia.org/wiki/Henry_van_Wart;American
Braddon, M. E. (Mary Elizabeth);Mary Elizabeth Braddon;;English;;https://en.wikipedia.org/wiki/Mary_Elizabeth_Braddon;English
pseud. [Angelo];pseud. Angelo;;Italian;;https://en.wikipedia.org/wiki/Angelo_Maria_Rossi;Italian
Oliphant, Mrs. (Margaret);Margaret Oliphant;Scottish;Scottish;;https://en.wikipedia.org/wiki/Margaret_Oliphant;Scottish
Miller, James Oliver;Miller James Oliver;;American;American;https://en.wikipedia.org/wiki/James_Miller_(academic);American
Besant, Walter, Sir;Besant Walter Sir;;English;English;https://en.wikipedia.org/wiki/Walter_Besant;English
Master. Spraggles, J;Master. Spraggles J;;;;;
Hooper, Lucy Hamilton;Hooper Lucy Hamilton;American;American;American;https://en.wikipedia.org/wiki/Lucy_Hamilton_Hooper;American
Aldrich, Thomas Bailey, Mrs;Aldrich Thomas Bailey Mrs;;American;;https://en.wikipedia.org/wiki/Thomas_Bailey_Aldrich;American
Resident of the last three years;Resident of the last three years;;American;;https://en.wikipedia.org/wiki/The_Resident_(TV_series);American
Betham-Edwards, Matilda;Betham-Edwards Matilda;;English;English;https://en.wikipedia.org/wiki/Matilda_Betham-Edwards;English
Kingston, William Henry Giles;Kingston William Henry Giles;;English;English;https://en.wikipedia.org/wiki/William_Henry_Giles_Kingston;English
Henty, G. A. (George Alfred);George Alfred Henty;;English;;https://en.wikipedia.org/wiki/G._A._Henty;English
Verne, Jules;Verne Jules;French;French;;https://en.wikipedia.org/wiki/Jules_Verne;French
Janson, Kristofer Nagel;Janson Kristofer Nagel;Norwegian;Norwegian;;https://en.wikipedia.org/wiki/Kristofer_Janson;Norwegian
Winchester, Carroll;Winchester Carroll;;British-American;;https://en.wikipedia.org/wiki/Simon_Winchester;British-American
Aïdé, Hamilton;Aïdé Hamilton;;Armenian;;https://en.wikipedia.org/wiki/Charles_Hamilton_Aide;Armenian
Pinkerton, Allan;Pinkerton Allan;Scottish;Scottish;;https://en.wikipedia.org/wiki/Allan_Pinkerton;Scottish
Bjørnson, Bjørnstjerne;Bjørnson Bjørnstjerne;;Norwegian;Norwegian;https://en.wikipedia.org/wiki/Bjørnstjerne_Bjørnson;Norwegian
Sartoris, Adelaide Kemble;Sartoris Adelaide Kemble;;English;;https://en.wikipedia.org/wiki/Adelaide_Kemble;English
Page, Hamilton;Page Hamilton;;American;;https://en.wikipedia.org/wiki/Page_Hamilton;American
Whitney, A. D. T. (Adeline Dutton Train);Adeline Dutton Train Whitney;;American;;https://en.wikipedia.org/wiki/Adeline_Dutton_Train_Whitney;American
Alger, Horatio;Alger Horatio;American;American;American;https://en.wikipedia.org/wiki/Horatio_Alger;American
Gerard, E. D;Gerard E. D;;Scottish;Scottish;https://en.wikipedia.org/wiki/Emily_Gerard;Scottish
Valentine, L;Valentine L;;English;;https://en.wikipedia.org/wiki/Mark_Valentine;English
Cable, George Washington;Cable George Washington;American;American;;https://en.wikipedia.org/wiki/George_Washington_Cable;American
Woolson, Constance Fenimore;Woolson Constance Fenimore;American;American;;https://en.wikipedia.org/wiki/Constance_Fenimore_Woolson;American
Warner, Susan;Warner Susan;American;American;;https://en.wikipedia.org/wiki/Susan_Warner;American
Southworth, Emma Dorothy Eliza Nevitte;Southworth Emma Dorothy Eliza Nevitte;;American;American;https://en.wikipedia.org/wiki/E._D._E._N._Southworth;American
Benjamin, E. Bedell (Elizabeth Bedell);Elizabeth Bedell Benjamin;;;;;
Otis, James;Otis James;American;American;;https://en.wikipedia.org/wiki/James_Otis_Kaler;American
Christie-Murray, David;Christie-Murray David;;English;English;https://en.wikipedia.org/wiki/David_Christie_Murray;English
Tytler, Sarah;Tytler Sarah;;Scottish;;https://en.wikipedia.org/wiki/Alexander_Fraser_Tytler,_Lord_Woodhouselee;Scottish
Pansy;Pansy;American;American;;https://en.wikipedia.org/wiki/Isabella_Macdonald_Alden;American
Fleming, May Agnes;Fleming May Agnes;;Canadian;Canadian;https://en.wikipedia.org/wiki/May_Agnes_Fleming;Canadian
Porter, Rose;Porter Rose;;American;;https://en.wikipedia.org/wiki/Rose_Porter;American
Buxton, B. H. (Bertha H.);Bertha H. Buxton;;;;;
Trollope, Anthony;Trollope Anthony;English;English;;https://en.wikipedia.org/wiki/Anthony_Trollope;English
Gerard, E. (Emily);Emily Gerard;;Scottish;Scottish;https://en.wikipedia.org/wiki/Emily_Gerard;Scottish
Stevenson, Robert Louis;Stevenson Robert Louis;Scottish;Scottish;;https://en.wikipedia.org/wiki/Robert_Louis_Stevenson;Scottish
James, Henry;James Henry;British;British;;https://en.wikipedia.org/wiki/James_Henry_(writer);British
[Minor, Thomas C.];Minor Thomas C.;;American;American;https://en.wikipedia.org/wiki/Thomas_C._Hinkle;American
Adams, Henry;Adams Henry;American;American;American;https://en.wikipedia.org/wiki/Henry_Adams;American
Perry, Nora;Perry Nora;American;American;American;https://en.wikipedia.org/wiki/Nora_Perry_(writer);American
of Sale, England. Johnson, Joseph;of Sale England. Johnson Joseph;;;;https://en.wikipedia.org/wiki/Joseph_Johnson_(publisher);
Morgan, Henry;Morgan Henry;;American;;https://en.wikipedia.org/wiki/Henry_Morgan_(humorist);American
Ainsworth, William Harrison;Ainsworth William Harrison;English;English;English;https://en.wikipedia.org/wiki/William_Harrison_Ainsworth;English
Harris, Miriam Coles;Harris Miriam Coles;;American;;https://en.wikipedia.org/wiki/Miriam_Coles_Harris;American
Desart, William Ulick O'Connor Cuffe;Desart William Ulick O'Connor Cuffe;;;;https://en.wikipedia.org/wiki/William_Cuffe,_4th_Earl_of_Desart;
Pierce, Gilbert A. (Gilbert Ashville);Gilbert Ashville Pierce;;American;;https://en.wikipedia.org/wiki/Gilbert_A._Pierce;American
Holmes, Mary Jane;Holmes Mary Jane;American;American;;https://en.wikipedia.org/wiki/Mary_Jane_Holmes;American
Burnett, Frances (Hodgson);Hodgson Burnett;;Anglo;;https://en.wikipedia.org/wiki/Frances_Hodgson_Burnett;Anglo
De Mille, James;De Mille James;Canadian;Canadian;;https://en.wikipedia.org/wiki/James_De_Mille;Canadian
Noel, Augusta (Keppel), Lady;Keppel Noel;;English;;https://en.wikipedia.org/wiki/Tim_Bentinck;English
Dickinson, Mary Lowe;Dickinson Mary Lowe;American;American;American;https://en.wikipedia.org/wiki/Mary_Lowe_Dickinson;American
Bryan, Mary Edwards, Mrs;Bryan Mary Edwards Mrs;;American;;https://en.wikipedia.org/wiki/Mary_Edwards_Bryan;American
Carey, Rosa Nouchette;Carey Rosa Nouchette;;English;;https://en.wikipedia.org/wiki/Rosa_Nouchette_Carey;English
Chipman, William P;Chipman William P;;;;;
Alexander, Mrs;Alexander Mrs;;Irish;;https://en.wikipedia.org/wiki/Annie_French_Hector;Irish
A. L. O. E;A. L. O. E;;British;;https://en.wikipedia.org/wiki/'Allo_'Allo!;British
Novelist. Prior, James;Novelist. Prior James;;English;;https://en.wikipedia.org/wiki/P._D._James;English
Esmond, Henry;Esmond Henry;British;British;English;https://en.wikipedia.org/wiki/William_Makepeace_Thackeray;English
Vincent, Jacques;Vincent Jacques;;;;;
Fraser-Tytler, M. E;Fraser-Tytler M. E;;Scottish;;https://en.wikipedia.org/wiki/Alexander_Fraser_Tytler,_Lord_Woodhouselee;Scottish
Marryat, Florence R. M. Church Lean;Marryat Florence R. M. Church Lean;;British;;https://en.wikipedia.org/wiki/Florence_Marryat;British
Thorn, Ismay;Thorn Ismay;;;;;
Molesworth, Mrs;Molesworth Mrs;;;;;
Hawthorne, Julian;Hawthorne Julian;;American;;https://en.wikipedia.org/wiki/Julian_Hawthorne;American
Heimburg, W;Heimburg W;German;German;;https://en.wikipedia.org/wiki/Berta_Behrens;German
Colvill, Helen Hester;Colvill Helen Hester;;;;;
Banks, G. Linnaeus (George Linnaeus), Mrs;George Linnaeus Banks;British;British;;https://en.wikipedia.org/wiki/George_Linnaeus_Banks;British
Ouida;Ouida;;English;English-French;https://en.wikipedia.org/wiki/Ouida;English-French
Queen;Queen;;Indian;;https://en.wikipedia.org/wiki/Queen_(2013_film);Indian
Fleming, May Agnes Early;Fleming May Agnes Early;;Canadian;Canadian;https://en.wikipedia.org/wiki/May_Agnes_Fleming;Canadian
Roe, Edward Payson;Roe Edward Payson;American;American;American;https://en.wikipedia.org/wiki/Edward_Payson_Roe;American
Dowling, Richard;Dowling Richard;;Irish;;https://en.wikipedia.org/wiki/Richard_Dowling_(writer);Irish
Leslie, Madeline;Leslie Madeline;American;American;;https://en.wikipedia.org/wiki/Harriette_Newell_Woods_Baker;American
Walford, Lucy Bethia;Walford Lucy Bethia;;Scottish;;https://en.wikipedia.org/wiki/Lucy_Bethia_Walford;Scottish
Tabor, Eliza;Tabor Eliza;;;;https://en.wikipedia.org/wiki/Wikipedia:WikiProject_Abandoned_Drafts/Stale_drafts/Full/1;
Collins, Wilkie;Collins Wilkie;English;English;;https://en.wikipedia.org/wiki/Wilkie_Collins;English
Brame, Charlotte M;Brame Charlotte M;;English;;https://en.wikipedia.org/wiki/Charlotte_Mary_Brame;English
Zola, Émile;Zola Émile;;French;French;https://en.wikipedia.org/wiki/Émile_Zola;French
Ritchie, Anne Thackeray;Ritchie Anne Thackeray;English;English;;https://en.wikipedia.org/wiki/Anne_Isabella_Thackeray_Ritchie;English
Eaton, S. J. M. (Samuel John Mills);Samuel John Mills Eaton;;;;;
Mayo, Isabella (Fyvie);Fyvie Mayo;;Scottish;Scottish;https://en.wikipedia.org/wiki/Isabella_Fyvie_Mayo;Scottish
Garrigues, Adéle M;Garrigues Adéle M;;;;;
Wheeler, Edward L. [from old catalog];Wheeler Edward L. from old catalog;;;;;
Lee, Holme;Lee Holme;;;;;
Bailey, James Montgomery;Bailey James Montgomery;American;American;;https://en.wikipedia.org/wiki/James_Montgomery_Bailey;American
Griffis, William Elliot;Griffis William Elliot;;American;American;https://en.wikipedia.org/wiki/William_Elliot_Griffis;American
Reynolds, Michael;Reynolds Michael;;;;https://en.wikipedia.org/wiki/Michael_Reynolds;
Trevelyan, L. R, Mrs;Trevelyan L. R Mrs;;English;;https://en.wikipedia.org/wiki/R._C._Trevelyan;English
Hodder, Edwin;Hodder Edwin;;;;;
Black, Clementina;Black Clementina;;English;;https://en.wikipedia.org/wiki/Clementina_Black;English
Wägner, W;Wägner W;Swedish;Swedish;;https://en.wikipedia.org/wiki/Elin_Wägner;Swedish
Clutton-Brock, Ellen;Clutton-Brock Ellen;;English;;https://en.wikipedia.org/wiki/Arthur_Clutton-Brock;English
[Sprague, Mary Aplin];Sprague Mary Aplin;;;;;
S??gur, Sophie;S??gur Sophie;;;;;
Hay, Mary Cecil;Hay Mary Cecil;British;British;;https://en.wikipedia.org/wiki/Mary_Cecil_Hay;British
Yeames, James;Yeames James;;Jamaican;;https://en.wikipedia.org/wiki/Marlon_James_(novelist);Jamaican
Hoffman, Franz;Hoffman Franz;;German;;https://en.wikipedia.org/wiki/Georg_Franz_Hoffmann;German
Kip, Leonard;Kip Leonard;;Dutch;;https://en.wikipedia.org/wiki/Leonard_Kip;Dutch
Payn, J;Payn J;;English;;https://en.wikipedia.org/wiki/Robert_Payne_(author);English
Smith, George;Smith George;American;American;;https://en.wikipedia.org/wiki/George_O._Smith;American
Carlyle, Thomas;Carlyle Thomas;Scottish;Scottish;;https://en.wikipedia.org/wiki/Thomas_Carlyle;Scottish
Clarke, Marcus Andrew Hislop;Clarke Marcus Andrew Hislop;Australian;English;Australian;https://en.wikipedia.org/wiki/Marcus_Clarke;Australian
Dostoyevsky, Fyodor;Dostoyevsky Fyodor;;;;;
Fitzgerald, Sarah Jane;Fitzgerald Sarah Jane;;;;;
Stanley, Arthur Penrhyn;Stanley Arthur Penrhyn;;English Anglican;English;https://en.wikipedia.org/wiki/Arthur_Penrhyn_Stanley;English
Holland, J. G. (Josiah Gilbert);Josiah Gilbert Holland;American;American;;https://en.wikipedia.org/wiki/Josiah_Gilbert_Holland;American
Beerbohm, Julius;Beerbohm Julius;;Victorian;;https://en.wikipedia.org/wiki/Julius_Beerbohm;Victorian
Baring-Gould, S. (Sabine);Sabine Baring-Gould;;Anglican;British;https://en.wikipedia.org/wiki/Sabine_Baring-Gould;British
Fraser, Joshua;Fraser Joshua;;English;;https://en.wikipedia.org/wiki/John_Fraser_(novelist,_poet);English
Fort, Glorvina. [from old catalog];Fort Glorvina. from old catalog;;;;;
Fields, J. T;Fields J. T;;;;;
Hatton, Joseph;Hatton Joseph;;English;;https://en.wikipedia.org/wiki/Joseph_Hatton;English
Payn, James;Payn James;American;English;;https://en.wikipedia.org/wiki/George_Payne_Rainsford_James;American
Middlemore, Maria Trinidad Howard Sturgis;Middlemore Maria Trinidad Howard Sturgis;;American;;https://en.wikipedia.org/wiki/Maria_Trinidad_Howard_Sturgis_Middlemore;American
Solly, Henry;Solly Henry;;English;;https://en.wikipedia.org/wiki/Henry_Solly;English
Briggs, William Harlowe;Briggs William Harlowe;;;;;
Fane, Violet;Fane Violet;;British;;https://en.wikipedia.org/wiki/Violet_Fane;British
Campbell, John Logan;Campbell John Logan;;Scottish;;https://en.wikipedia.org/wiki/John_Logan_Campbell;Scottish
professor. Blot;professor. Blot;;;;;
Bagot, A. G. (Arthur Greville);Arthur Greville Bagot;;;;https://en.wikipedia.org/wiki/Category:Wikipedia_articles_incorporating_a_citation_from_SBDEL_with_no_article_parameter;
Optic, Oliver;Optic Oliver;;;;;
Wilson, F. T;Wilson F. T;;;;https://en.wikipedia.org/wiki/F._Paul_Wilson;
Nox, Owen;Nox Owen;;;;;
Herv??, Charles Stanley;Herv?? Charles Stanley;;Christian;;https://en.wikipedia.org/wiki/Charles_Stanley;Christian
Walton, O. F., Mrs;Walton O. F. Mrs;;English;;https://en.wikipedia.org/wiki/Amy_Catherine_Walton;English
Northrup, A. Judd (Ansel Judd);Ansel Judd Northrup;;;;;
Bottrell, William;Bottrell William;;American;;https://en.wikipedia.org/wiki/Bill_Bottrell;American
Bell, Frederick;Bell Frederick;;American;;https://en.wikipedia.org/wiki/Fred_Bell;American
Johnson, Rossiter;Johnson Rossiter;;American;;https://en.wikipedia.org/wiki/Rossiter_Johnson;American
Bishop, Fitzgerald, O. P. (Oscar Penn);Bishop Fitzgerald O. P. (Oscar Penn);;;;https://en.wikipedia.org/wiki/Oscar_Penn_Fitzgerald;
Jewett, Sarah Orne;Jewett Sarah Orne;American;American;;https://en.wikipedia.org/wiki/Sarah_Orne_Jewett;American
Vikelas, Dēmētrios;Vikelas Dēmētrios;;Greek;;https://en.wikipedia.org/wiki/Demetrios_Vikelas;Greek
Borrow, George Henry;Borrow George Henry;English;English;;https://en.wikipedia.org/wiki/George_Borrow;English
Shorthouse, J. H. (Joseph Henry);Joseph Henry Shorthouse;;English;;https://en.wikipedia.org/wiki/Joseph_Henry_Shorthouse;English
Van Dyke, Theodore S. (Theodore Strong);Theodore Strong Van Dyke;;;;;
Arthur, T. S. (Timothy Shay);Timothy Shay Arthur;American;American;;https://en.wikipedia.org/wiki/Timothy_Shay_Arthur;American
Lanier, Sidney;Lanier Sidney;;American;American;https://en.wikipedia.org/wiki/Sidney_Lanier;American
Bates, Margaret Holmes;Bates Margaret Holmes;American;American;American;https://en.wikipedia.org/wiki/Margret_Holmes_Bates;American
Cooke, Rose Terry;Cooke Rose Terry;American;American;American;https://en.wikipedia.org/wiki/Rose_Terry_Cooke;American
Mawer, E. B;Mawer E. B;British;British;;https://en.wikipedia.org/wiki/Simon_Mawer;British
Ambofilius;Ambofilius;;;;;
Hepworth, George H. (George Hughes);George Hughes Hepworth;Theologian;;;;Theologian
Miller, J. (Joaquin);Joaquin Miller;American;American;;https://en.wikipedia.org/wiki/Joaquin_Miller;American
Phelps, Elizabeth Stuart;Phelps Elizabeth Stuart;American;American;American;https://en.wikipedia.org/wiki/Elizabeth_Stuart_Phelps_Ward;American
Barnard, Charles;Barnard Charles;;;;;
Lindsay, J. T;Lindsay J. T;;;;;
Ebers, Georg;Ebers Georg;German;a German;;https://en.wikipedia.org/wiki/Georg_Ebers;German
Newton, Emma Mersereau;Newton Emma Mersereau;;;;;
Latimer, Elizabeth Wormeley;Latimer Elizabeth Wormeley;American;English-American;;https://en.wikipedia.org/wiki/Elizabeth_Wormeley_Latimer;American
Norris, W. E. (William Edward);William Edward Norris;;English;;https://en.wikipedia.org/wiki/William_Edward_Norris;English
Earl of Beaconsfield, Disraeli, Benjamin;Earl of Beaconsfield Disraeli Benjamin;;British;;https://en.wikipedia.org/wiki/Benjamin_Disraeli;British
Paddock, A. G, Mrs;Paddock A. G Mrs;;German;;https://en.wikipedia.org/wiki/Die_Hand_Die_Verletzt;German
Spence, Catherine Helen;Spence Catherine Helen;Australian;Scottish;Australian;https://en.wikipedia.org/wiki/Catherine_Helen_Spence;Australian
Linton, E. Lynn (Elizabeth Lynn);Elizabeth Lynn Linton;;;;https://en.wikipedia.org/wiki/Eliza_Lynn_Linton;
Dickens, Helen;Dickens Helen;;English Braille;;https://en.wikipedia.org/wiki/Helen_Keller;English Braille
Baker, William Mumford;Baker William Mumford;;;;;
Chellis, Mary Dwinell;Chellis Mary Dwinell;;;;;
Howells, William Dean;Howells William Dean;American;American;;https://en.wikipedia.org/wiki/William_Dean_Howells;American
Disraeli, Benjamin, Earl of Beaconsfield;Disraeli Benjamin Earl of Beaconsfield;;British;;https://en.wikipedia.org/wiki/Benjamin_Disraeli;British
Alexander, G. G;Alexander G. G;;;;;
Mackay, Charles;Mackay Charles;;Scottish;;https://en.wikipedia.org/wiki/Charles_Mackay_(author);Scottish
Burnham, Clara Louise;Burnham Clara Louise;;American;;https://en.wikipedia.org/wiki/Clara_Louise_Burnham;American
Pisemskiĭ, A. F. (Alekseĭ Feofilaktovich);Alekseĭ Feofilaktovich Pisemskiĭ;;;;;
Bray, (Emily Octavia), Mrs;Emily Octavia Bray;;;;;
Praed, Campbell, Mrs;Praed Campbell Mrs;Australian;Australian;;https://en.wikipedia.org/wiki/Rosa_Campbell_Praed;Australian
Smith, Fannie N;Smith Fannie N;;;;https://en.wikipedia.org/wiki/Fanny_Irvine-Smith;
Crommelin, May;Crommelin May;;French;;https://en.wikipedia.org/wiki/May_Crommelin;French
Mills, John;Mills John;Canadian;Canadian;;https://en.wikipedia.org/wiki/John_Mills_(writer);Canadian
Conyngham, David Power;Conyngham David Power;;Irish;;https://en.wikipedia.org/wiki/David_Power_Conyngham;Irish
Jackson, Helen Hunt;Jackson Helen Hunt;;American;American;https://en.wikipedia.org/wiki/Helen_Hunt_Jackson;American
MacDonald, George;MacDonald George;Scottish;Scottish;British;https://en.wikipedia.org/wiki/George_MacDonald;British
Lugard, Flora Louise Shaw;Lugard Flora Louise Shaw;British;British;;https://en.wikipedia.org/wiki/Flora_Shaw,_Lady_Lugard;British
Hunt, Alfred William, Mrs;Hunt Alfred William Mrs;;British;;https://en.wikipedia.org/wiki/Margaret_Raine_Hunt;British
[Gillette, Lucia Fidelia (Woolley);Woolley [Gillette;;Universalist;;https://en.wikipedia.org/wiki/L._Fidelia_Woolley_Gillette;Universalist
Claiborne, F;Claiborne F;;dystopian;;https://en.wikipedia.org/wiki/Sybil_Claiborne;dystopian
Hale, Anne G;Hale Anne G;;;;;
Fothergill, Jessie;Fothergill Jessie;;English;British;https://en.wikipedia.org/wiki/Jessie_Fothergill;British
Craik, Georgiana M. (Georgiana Marion);Georgiana Marion Craik;;British;;https://en.wikipedia.org/wiki/Georgiana_Marion_Craik;British
] [Tiernan, Mary Spear (Nicholas), Mrs;Nicholas ] [Tiernan;American;American;American;https://en.wikipedia.org/wiki/Mary_Spear_Tiernan;American
Austin, Jane G. (Jane Goodwin);Jane Goodwin Austin;American;American;American;https://en.wikipedia.org/wiki/Jane_G._Austin;American
Yonge, Charlotte M. (Charlotte Mary);Charlotte Mary Yonge;English;English;English;https://en.wikipedia.org/wiki/Charlotte_Mary_Yonge;English
Brown, T. E;Brown T. E;;;;;
Taylor, Judson R;Taylor Judson R;British;Chinese;;https://en.wikipedia.org/wiki/Hudson_Taylor;British
Wood, Ellen;Wood Ellen;English;English;;https://en.wikipedia.org/wiki/Ellen_Wood_(author);English
Pisemsky, Aleksei Feofilaktovich;Pisemsky Aleksei Feofilaktovich;;Russian;;https://en.wikipedia.org/wiki/Aleksey_Pisemsky;Russian
Oliphant;Oliphant;Scottish;Scottish;;https://en.wikipedia.org/wiki/Margaret_Oliphant;Scottish
Finley, Martha;Finley Martha;American;American;American;https://en.wikipedia.org/wiki/Martha_Finley;American
McCarthy, Justin;McCarthy Justin;;Irish;;https://en.wikipedia.org/wiki/Justin_Huntly_McCarthy;Irish
Cox, Annie;Cox Annie;;American;American;https://en.wikipedia.org/wiki/Ana_Marie_Cox;American
Sewell, Elizabeth Missing;Sewell Elizabeth Missing;;English;English;https://en.wikipedia.org/wiki/Elizabeth_Missing_Sewell;English
Aldred, W. W;Aldred W. W;;American;;https://en.wikipedia.org/wiki/Alfred_E._Neuman;American
Ingelow, Jean;Ingelow Jean;English;English;English;https://en.wikipedia.org/wiki/Jean_Ingelow;English
Coleridge, Christabel R;Coleridge Christabel R;;English;English;https://en.wikipedia.org/wiki/Christabel_Rose_Coleridge;English
Howard, Blanche Willis;Howard Blanche Willis;American;American;;https://en.wikipedia.org/wiki/Blanche_Willis_Howard;American
Castlemon, Harry;Castlemon Harry;;;;;
Ashleigh, Rose;Ashleigh Rose;;;;;
Stoddard, William Osborn;Stoddard William Osborn;American;American;;https://en.wikipedia.org/wiki/William_Stoddard;American
Grant, James;Grant James;Scottish;Scottish;;https://en.wikipedia.org/wiki/James_Grant_(1822–1887);Scottish
Werner, E;Werner E;;German;;https://en.wikipedia.org/wiki/Markus_Werner;German
Stretton, Hesba;Stretton Hesba;;English;English;https://en.wikipedia.org/wiki/Hesba_Stretton;English
Barrett, Frank;Barrett Frank;;;;https://en.wikipedia.org/wiki/Frank_Barrett_(writer);
Poynter, E. Frances (Eleanor Frances);Eleanor Frances Poynter;;American;;https://en.wikipedia.org/wiki/Eleanor_Frances_Lattimore;American
Trowbridge, J. T. (John Townsend);John Townsend Trowbridge;;American;American;https://en.wikipedia.org/wiki/John_Townsend_Trowbridge;American
Green, Anna Katharine;Green Anna Katharine;American;American;;https://en.wikipedia.org/wiki/Anna_Katharine_Green;American
Spurr, George G;Spurr George G;;;;;
Twain, Mark;Twain Mark;;American;;https://en.wikipedia.org/wiki/Mark_Twain;American
Austin, Stella;Austin Stella;;English;English;https://en.wikipedia.org/wiki/Stella_Gibbons;English
Cadwell, Clara Gertrude;Cadwell Clara Gertrude;;;;;
Rochefort, Henri;Rochefort Henri;French;French;;https://en.wikipedia.org/wiki/Victor_Henri_Rochefort,_Marquis_de_Rochefort-Luçay;French
Tibbles, Thomas Henry;Tibbles Thomas Henry;;Indians;;https://en.wikipedia.org/wiki/Thomas_Tibbles;Indians
Grant, Alexander Charles;Grant Alexander Charles;;British;;https://en.wikipedia.org/wiki/Alex_da_Kid;British
Majendie, Margaret, Lady;Majendie Margaret Lady;;;;;
Greenough, Frances Boott;Greenough Frances Boott;;;;;
Salter, Mary J;Salter Mary J;;American;;https://en.wikipedia.org/wiki/Mary_Jo_Salter;American
Greg, Percy;Greg Percy;;English;;https://en.wikipedia.org/wiki/Percy_Greg;English
[Sylvain, Adrien];Sylvain Adrien;;Canadian;;https://en.wikipedia.org/wiki/Sylvain_Bellemare;Canadian
[Rollins, Ellen Chapman (Hobbs)];Hobbs [Rollins;;;;;
Drew, Catharine, Mrs;Drew Catharine Mrs;;Irish;Irish;https://en.wikipedia.org/wiki/Catharine_Drew;Irish
Rodenberg, Julius;Rodenberg Julius;German;German;German;https://en.wikipedia.org/wiki/Julius_Rodenberg;German
Hageman, S. Miller (Samuel Miller);Samuel Miller Hageman;;;;;
Goulding, F. R. (Francis Robert);Francis Robert Goulding;;;;;
Clark, Charlotte Moon;Clark Charlotte Moon;;;;;
Palmer, Lynde;Palmer Lynde;American;American;;https://en.wikipedia.org/wiki/Mary_Louise_Peebles;American
Youngblood, Charles L;Youngblood Charles L;;American;;https://en.wikipedia.org/wiki/Charles_N._Youngblood_Jr.;American
Oliver, Grace A. (Grace Atkinson), Mrs;Grace Atkinson Oliver;;American;;https://en.wikipedia.org/wiki/Grace_A._Oliver;American
Longfellow, Henry Wadsworth;Longfellow Henry Wadsworth;American;American;;https://en.wikipedia.org/wiki/Henry_Wadsworth_Longfellow;American
Burnell, W. P;Burnell W. P;;English;;https://en.wikipedia.org/wiki/Cerrie_Burnell;English
Wilkie, Franc B;Wilkie Franc B;;English;;https://en.wikipedia.org/wiki/Wilkie_Collins;English
Eddy, Daniel C[larke];Eddy Daniel Clarke;;;;https://en.wikipedia.org/wiki/Daniel_C._Eddy;
Rossetti, Dante Gabriel;Rossetti Dante Gabriel;English;English;;https://en.wikipedia.org/wiki/Dante_Gabriel_Rossetti;English
Auerbach, Berthold;Auerbach Berthold;German;German;;https://en.wikipedia.org/wiki/Berthold_Auerbach;German
Jones, Cecilia Anne;Jones Cecilia Anne;;;;;
Swinton, William;Swinton William;;;;;
Hamerton, Philip Gilbert;Hamerton Philip Gilbert;;British;;https://en.wikipedia.org/wiki/Philip_Gilbert_Hamerton;British
Oliphant, Laurence;Oliphant Laurence;;South African;;https://en.wikipedia.org/wiki/Laurence_Oliphant_(author);South African
[Munby, Arthur Joseph];Munby Arthur Joseph;;British;British;https://en.wikipedia.org/wiki/Arthur_Munby;British
Gautier, Théophile;Gautier Théophile;;French;;https://en.wikipedia.org/wiki/Théophile_Gautier;French
Kellogg, Elijah;Kellogg Elijah;;American;American;https://en.wikipedia.org/wiki/Elijah_Kellogg;American
Pomeroy, Mark M. (Mark Mills);Mark Mills Pomeroy;;;;;
Greey, Edward;Greey Edward;;;;https://en.wikipedia.org/wiki/The_Shape_of_Things_to_Come_(Lost);
Brown, John;Brown John;American;American;American;https://en.wikipedia.org/wiki/John_Brown_(American_author);American
Chaplin, Fannie P;Chaplin Fannie P;;American;;https://en.wikipedia.org/wiki/Fannie_Hurst;American
Munford, George Wythe;Munford George Wythe;;;;;
Brookfield, Arthur Montagu;Brookfield Arthur Montagu;;Conservative;;https://en.wikipedia.org/wiki/Arthur_Montagu_Brookfield;Conservative
Tiffany, Francis;Tiffany Francis;;;;;
Grant, Maria M;Grant Maria M;;;;;
Malet, Lucas;Malet Lucas;;Victorian;;https://en.wikipedia.org/wiki/Lucas_Malet;Victorian
Hoffmann, Franz;Hoffmann Franz;;German;;https://en.wikipedia.org/wiki/Georg_Franz_Hoffmann;German
Macchetta, Blanche Roosevelt Tucker, Mrs;Macchetta Blanche Roosevelt Tucker Mrs;;American;;https://en.wikipedia.org/wiki/Blanche_Roosevelt;American
Scudder, Horace Elisha;Scudder Horace Elisha;American;American;;https://en.wikipedia.org/wiki/Horace_Scudder;American
Beasley, C. Oscar;Beasley C. Oscar;;;;;
Hale, Edward Everett, Sr;Hale Edward Everett Sr;;American;;https://en.wikipedia.org/wiki/Edward_Everett_Hale;American
Pedroso, Consiglieri;Pedroso Consiglieri;Portuguese;Portuguese;;https://en.wikipedia.org/wiki/Zófimo_Consiglieri_Pedroso;Portuguese
comte de, Gobineau, Arthur;comte de Gobineau Arthur;French;French;French;https://en.wikipedia.org/wiki/Arthur_de_Gobineau;French
Thomas, Annie;Thomas Annie;;English;British;https://en.wikipedia.org/wiki/Annie_Hall_Cudlip;British
Talbot, Thomas;Talbot Thomas;;Protestant;;https://en.wikipedia.org/wiki/Thomas_Talbott;Protestant
Eggleston, George Cary;Eggleston George Cary;American;American;;https://en.wikipedia.org/wiki/George_Cary_Eggleston;American
Bunbury, Selina;Bunbury Selina;;Anglo;;https://en.wikipedia.org/wiki/Selina_Bunbury;Anglo
Springer, Narcissa Smith;Springer Narcissa Smith;;;;;
Lytton, Edward Robert Bulwer Lytton;Lytton Edward Robert Bulwer Lytton;;English;;https://en.wikipedia.org/wiki/Edward_Bulwer-Lytton;English
Thompson, Maurice;Thompson Maurice;American;American;;https://en.wikipedia.org/wiki/Maurice_Thompson;American
Switzer, Jennie Bartlett;Switzer Jennie Bartlett;;;;;
Colomb;Colomb;;Swiss;;https://en.wikipedia.org/wiki/Catherine_Colomb;Swiss
Clark, Charles Heber;Clark Charles Heber;;American;;https://en.wikipedia.org/wiki/Charles_Heber_Clark;American
Pyrnelle, Louise Clarke;Pyrnelle Louise Clarke;;;;https://en.wikipedia.org/wiki/Louise_Clarke_Pyrnelle;
Holland, Frederic May;Holland Frederic May;;German;German;https://en.wikipedia.org/wiki/Karl_May;German
King, Richard Ashe;King Richard Ashe;;American;;https://en.wikipedia.org/wiki/King_Richard_(film);American
Johnson, Virginia W. (Virginia Wales);Virginia Wales Johnson;;;;https://en.wikipedia.org/wiki/Virginia_Wales_Johnson;
Henslowe, J. R;Henslowe J. R;;;;;
Thomas, Mary Von-Erden;Thomas Mary Von-Erden;;;;;
Cambridge, Ada;Cambridge Ada;English-Australian;English;;https://en.wikipedia.org/wiki/Ada_Cambridge;English-Australian
Merivale, Herman Charles;Merivale Herman Charles;English;English;;https://en.wikipedia.org/wiki/Herman_Charles_Merivale;English
Brent, John;Brent John;;English;;https://en.wikipedia.org/wiki/John_Brent_(antiquary);English
Russell, William Clark;Russell William Clark;;English;;https://en.wikipedia.org/wiki/William_Clark_Russell;English
Westall, William;Westall William;;English;;https://en.wikipedia.org/wiki/William_Bury_Westall;English
Hausrath, Adolf;Hausrath Adolf;Theologian;German;;https://en.wikipedia.org/wiki/Adolph_Hausrath;Theologian
Gobineau, Arthur, comte de;Gobineau Arthur comte de;;French;French;https://en.wikipedia.org/wiki/Arthur_de_Gobineau;French
Lathrop, George Parsons, 1851-1898;Lathrop George Parsons 1851-1898;;American;;https://en.wikipedia.org/wiki/George_Parsons_Lathrop;American
Daudet, Alphonse;Daudet Alphonse;French;French;;https://en.wikipedia.org/wiki/Alphonse_Daudet;French
Blackmore, R. D. (Richard Dooddridge);Richard Dooddridge Blackmore;English;English;;https://en.wikipedia.org/wiki/R._D._Blackmore;English
Morrow, William Chambers;Morrow William Chambers;American;American;;https://en.wikipedia.org/wiki/W._C._Morrow;American
Kelly, Tom;Kelly Tom;;American;;https://en.wikipedia.org/wiki/Tom_Kelly_(musician);American
Crawford, F. Marion (Francis Marion);Francis Marion Crawford;American;American;;https://en.wikipedia.org/wiki/Francis_Marion_Crawford;American
Hardy, Thomas;Hardy Thomas;English;English;;https://en.wikipedia.org/wiki/Thomas_Hardy;English
Collins, Frances Cotton;Collins Frances Cotton;;American;;https://en.wikipedia.org/wiki/Francis_Collins;American
Glascock, Mary W;Glascock Mary W;;;;;
McPherson, M E;McPherson M E;;American;;https://en.wikipedia.org/wiki/Evan_McPherson;American
Boyle, Frederick;Boyle Frederick;;English;;https://en.wikipedia.org/wiki/Frederick_Boyle;English
Horn, Georg;Horn Georg;;;;;
Forrester, Mrs;Forrester Mrs;;;;;
Warner, Anna Bartlett;Warner Anna Bartlett;American;American;;https://en.wikipedia.org/wiki/Anna_Bartlett_Warner;American
Lyall, Edna;Lyall Edna;English;English;English;https://en.wikipedia.org/wiki/Ada_Ellen_Bayly;English
Ballantyne, R. M. (Robert Michael);Robert Michael Ballantyne;Scottish;Scottish;Scottish;https://en.wikipedia.org/wiki/R._M._Ballantyne;Scottish
Strathesk, John;Strathesk John;;;;;
Kickham, Charles Joseph;Kickham Charles Joseph;;Irish;Irish;https://en.wikipedia.org/wiki/Charles_Kickham;Irish
Andrews, Eliza Frances;Andrews Eliza Frances;;Southern;;https://en.wikipedia.org/wiki/Eliza_Frances_Andrews;Southern
Villars, Mary H;Villars Mary H;;;;;
Sheldon, Georgie, Mrs;Sheldon Georgie Mrs;;;;;
Stirling, M. C;Stirling M. C;;Canadian;American;https://en.wikipedia.org/wiki/S._M._Stirling;American
Bernstein, Henny;Bernstein Henny;;;;;
Spofford, Harriet Elizabeth Prescott, Mrs;Spofford Harriet Elizabeth Prescott Mrs;;American;American;https://en.wikipedia.org/wiki/Harriet_Elizabeth_Prescott_Spofford;American
Parr, Louisa;Parr Louisa;;British;British;https://en.wikipedia.org/wiki/Louisa_Parr;British
Hartley, May Laffan, Mrs;Hartley May Laffan Mrs;;Irish;Irish;https://en.wikipedia.org/wiki/May_Laffan;Irish
Michener, Frances Lavinia;Michener Frances Lavinia;;;;;
Molloy, J. Fitzgerald (Joseph Fitzgerald);Joseph Fitzgerald Molloy;;;;;
Manly, Marline;Manly Marline;;American;;https://en.wikipedia.org/wiki/Mr._Manly;American
Vervins, Nicolas Alfred de;Vervins Nicolas Alfred de;;Swedish;;https://en.wikipedia.org/wiki/List_of_nominees_for_the_Nobel_Prize_in_Literature;Swedish
Clare, Austin;Clare Austin;;American;;https://en.wikipedia.org/wiki/Claire_Austin;American
Greer, Maria J;Greer Maria J;;;;;
Macquoid, Katharine S;Macquoid Katharine S;;British;;https://en.wikipedia.org/wiki/Katharine_Sarah_Macquoid;British
Jenner, Henry, Mrs;Jenner Henry Mrs;;Celtic;;https://simple.wikipedia.org/wiki/Henry_Jenner;Celtic
Lean, Florence;Lean Florence;;British;;https://en.wikipedia.org/wiki/Florence_Marryat;British
Brine, Mary D;Brine Mary D;;;;;
Ouina (Spirit);Ouina (Spirit);;Spiritualists;;https://en.wikipedia.org/wiki/Ouija;Spiritualists
Roe, E. R;Roe E. R;;American;;https://en.wikipedia.org/wiki/Vingie_E._Roe;American
Randolph;Randolph;;;;;
Mathews, Cornelius;Mathews Cornelius;American;American;;https://en.wikipedia.org/wiki/Cornelius_Mathews;American
Butler, William Francis, Sir;Butler William Francis Sir;;Irish;;https://en.wikipedia.org/wiki/William_Butler_(British_Army_officer);Irish
Monti, Luigi;Monti Luigi;;;;;
McGloin, Frank;McGloin Frank;;;;;
Paget, Francis Edward;Paget Francis Edward;;;;;
Daunt, Achilles;Daunt Achilles;;Irish;;https://en.wikipedia.org/wiki/Achilles_Daunt;Irish
Allen, Marie T. [from old catalog];Allen Marie T. from old catalog;;;;;
Wood, Charles W. (Charles William);Charles William Wood;;;;https://en.wikipedia.org/wiki/Charles_Wood_(playwright);
Barnes, Charles J. (Charles Joseph);Charles Joseph Barnes;;;;;
Boteler, John Harvey;Boteler John Harvey;;British;;https://en.wikipedia.org/wiki/John_Harvey_(author);British
Gilchrist, Anne Burrows;Gilchrist Anne Burrows;;English;;https://en.wikipedia.org/wiki/Anne_Gilchrist_(writer);English
Saunders, Frederick;Saunders Frederick;American;English;;https://en.wikipedia.org/wiki/Frederick_Saunders;American
Aimard, Gustave;Aimard Gustave;;American;;https://en.wikipedia.org/wiki/Gustave_Aimard;American
Robinson, A. Mary F;Robinson A. Mary F;;American;American;https://en.wikipedia.org/wiki/Mary_Robison;American
Myrtle, Mon;Myrtle Mon;;;;;
James King of Aragon;James King of Aragon;;Spanish;;https://en.wikipedia.org/wiki/James_I_of_Aragon;Spanish
Doyle, Richard;Doyle Richard;British;British;;https://en.wikipedia.org/wiki/Richard_Doyle_(author);British
Bowles, Thomas Gibson;Bowles Thomas Gibson;;English;;https://en.wikipedia.org/wiki/Thomas_Gibson_Bowles;English
Goodhue, James Madison;Goodhue James Madison;;American;;https://en.wikipedia.org/wiki/James_M._Goodhue;American
Thorpe, Rose (Hartwick);Hartwick Thorpe;American;American;American;https://en.wikipedia.org/wiki/Rose_Hartwick_Thorpe;American
Hathaway, Benjamin Adams;Hathaway Benjamin Adams;;;;;
Turgenev, Ivan Sergi︠e︡evích;Turgenev Ivan Sergi︠e︡evích;;English;;https://en.wikipedia.org/wiki/Ivan_Turgenev;English
Smyth, Patrick Grehan;Smyth Patrick Grehan;;;;;
Reid, Mayne;Reid Mayne;;English;;https://en.wikipedia.org/wiki/2010_in_the_United_Kingdom;English
French, Harry W. (Harry Willard);Harry Willard French;;;;;
French, Henry W[illard] [from old catalog];French Henry Willard from old catalog;;American;American;https://en.wikipedia.org/wiki/Henry_Willard_Denison;American
Asbj??rnsen, Peter Christen;Asbj??rnsen Peter Christen;Norwegian;Norwegian;;https://en.wikipedia.org/wiki/Peter_Christen_Asbjørnsen;Norwegian
Thomes, William H. (William Henry);William Henry Thomes;English;American;American;https://en.wikipedia.org/wiki/William_H._Thomas_(physician);American
Hoppin, Augustus;Hoppin Augustus;American;American;;https://en.wikipedia.org/wiki/Augustus_Hoppin;American
Church, Alfred John;Church Alfred John;;English;;https://en.wikipedia.org/wiki/Alfred_John_Church;English
Bray, (Anna Eliza), Mrs;Anna Eliza Bray;;English;British;https://en.wikipedia.org/wiki/Anna_Eliza_Bray;British
Alexander, Francesca;Alexander Francesca;American;American;American;https://en.wikipedia.org/wiki/Francesca_Alexander;American
Meyers, Robert Cornelius V;Meyers Robert Cornelius V;;;;;
Runciman, James;Runciman James;English;English;;https://en.wikipedia.org/wiki/James_Runciman;English
Wagner, Richard;Wagner Richard;;Romanian;German;https://en.wikipedia.org/wiki/Richard_Wagner_(novelist);German
Calverley, Charles Stuart;Calverley Charles Stuart;English;English;;https://en.wikipedia.org/wiki/Charles_Stuart_Calverley;English
Conklin, Nathaniel, Mrs;Conklin Nathaniel Mrs;American;;;;American
Sherard, Robert Harborough;Sherard Robert Harborough;English;English;;https://en.wikipedia.org/wiki/Robert_Sherard;English
Waring, George E. (George Edwin);George Edwin Waring;;American;American;https://en.wikipedia.org/wiki/George_E._Waring_Jr.;American
Niemojowski, Ludwik;Niemojowski Ludwik;;Polish;;https://en.wikipedia.org/wiki/Kurjer_Lubelski;Polish
Bates, L;Bates L;English;English;;https://en.wikipedia.org/wiki/H._E._Bates;English
Browne, Tryphena Matilda Archer;Browne Tryphena Matilda Archer;;;;;
Buxton, Bertha H. (Leopold);Leopold Buxton;;Austrian;;https://en.wikipedia.org/wiki/Leopold_Engleitner;Austrian
Dahlgren, Madeleine Vinton;Dahlgren Madeleine Vinton;;American;American;https://en.wikipedia.org/wiki/Madeleine_Vinton_Dahlgren;American
Champney, Elizabeth W. (Elizabeth Williams);Elizabeth Williams Champney;;American;American;https://en.wikipedia.org/wiki/Elizabeth_Williams_Champney;American
Ellis, Edward Sylvester;Ellis Edward Sylvester;American;American;American;https://en.wikipedia.org/wiki/Edward_S._Ellis;American
[Williams, Harold];Williams Harold;;English;;https://en.wikipedia.org/wiki/Harold_Williams_(linguist);English
Belot, Adolphe;Belot Adolphe;French;French;;https://en.wikipedia.org/wiki/Adolphe_Belot;French
Macnie, John;Macnie John;;American;;https://en.wikipedia.org/wiki/John_Henry_(folklore);American
Dallas, Mary (Kyle);Kyle Dallas;;;;;
Moreland, Mary Leona;Moreland Mary Leona;;;;;
Wingfield, Lewis Strange;Wingfield Lewis Strange;;Irish;;https://en.wikipedia.org/wiki/Lewis_Strange_Wingfield;Irish
Roosevelt, Blanche;Roosevelt Blanche;American;American;;https://en.wikipedia.org/wiki/Blanche_Roosevelt;American
Pyle, Howard;Pyle Howard;;American;American;https://en.wikipedia.org/wiki/Howard_Pyle;American
Saunders, John;Saunders John;;American;;https://en.wikipedia.org/wiki/John_Monk_Saunders;American
Jay, Harriett;Jay Harriett;;British;;https://en.wikipedia.org/wiki/Harriett_Jay;British
Conway, Hugh;Conway Hugh;;;;;
Jennings, Louis J. (Louis John);Louis John Jennings;;English;;https://en.wikipedia.org/wiki/Louis_John_Jennings;English
Bothmer, Marie;Bothmer Marie;;;;;
Topelius, Zacharias;Topelius Zacharias;Finnish;Swedish;Finnish;https://en.wikipedia.org/wiki/Zachris_Topelius;Finnish
Holmes, Oliver Wendell;Holmes Oliver Wendell;American;American;;https://en.wikipedia.org/wiki/Oliver_Wendell_Holmes_Sr.;American
Riddell, J. H., Mrs;Riddell J. H. Mrs;;;;;
Navery, Raoul de;Navery Raoul de;;;;;
Fleming, George;Fleming George;;;;https://en.wikipedia.org/wiki/George_Fleming;
pseud. Thiusen, Ismar;pseud. Thiusen Ismar;;;;;
Murray, David Christie;Murray David Christie;;English;English;https://en.wikipedia.org/wiki/David_Christie_Murray;English
McElroy, John;McElroy John;American;American;;https://en.wikipedia.org/wiki/John_McElroy_(author);American
Conscience, Hendrik;Conscience Hendrik;Belgian;Belgian;;https://en.wikipedia.org/wiki/Hendrik_Conscience;Belgian
Lucy, Henry W;Lucy Henry W;;English;;https://en.wikipedia.org/wiki/Henry_Lucy;English
La Bédollière, Emile de;La Bédollière Emile de;;;;;
Raymond, Zillah;Raymond Zillah;;;;;
Laboulaye, Edouard;Laboulaye Edouard;;French;;https://en.wikipedia.org/wiki/Édouard_René_de_Laboulaye;French
Dodge, Mary Mapes;Dodge Mary Mapes;American;American;American;https://en.wikipedia.org/wiki/Mary_Mapes_Dodge;American
Simpson, Evangeline Mars;Simpson Evangeline Mars;;American;;https://en.wikipedia.org/wiki/Evangeline_Marrs_Whipple;American
Author of Cynthia;Author of Cynthia;;Japanese American;;https://en.wikipedia.org/wiki/Cynthia_Kadohata;Japanese American
Russell, Dora;Russell Dora;British;British;British;https://en.wikipedia.org/wiki/Dora_Russell;British
Harlan, Caleb;Harlan Caleb;;American;;https://en.wikipedia.org/wiki/Harlan_Ellison;American
Cooke, John Esten;Cooke John Esten;;American;;https://en.wikipedia.org/wiki/John_Esten_Cooke;American
Harris, Joel Chandler;Harris Joel Chandler;American;American;;https://en.wikipedia.org/wiki/Joel_Chandler_Harris;American
Reid, Christine;Reid Christine;;;;;
Greville, Violet;Greville Violet;British;British;;https://en.wikipedia.org/wiki/Violet,_Lady_Greville;British
Duchess;Duchess;;British;;https://en.wikipedia.org/wiki/The_Duchess_(TV_series);British
Pollock, Walter Herries;Pollock Walter Herries;;English;British;https://en.wikipedia.org/wiki/Walter_Herries_Pollock;British
Williams, Henry Llewellyn;Williams Henry Llewellyn;;;;;
Jeffries, H. B. (Howard B.);Howard B. Jeffries;;;;https://en.wikipedia.org/wiki/File:Captain_Howard_B._Jeffries_House,_in_Zephyrhills,_Florida_side_view.jpg;
Cunningham, B. Sim;Cunningham B. Sim;;Scottish;;https://en.wikipedia.org/wiki/Alastair_Sim;Scottish
Marlitt, E. (Eugenie);Eugenie Marlitt;German;German;;https://en.wikipedia.org/wiki/E._Marlitt;German
Gibbon, Charles;Gibbon Charles;;British;;https://en.wikipedia.org/wiki/Charles_Gibbon;British
Hardinge, William Money;Hardinge William Money;;English;;https://en.wikipedia.org/wiki/William_Money_Hardinge;English
Thomas, J. Meredith;Thomas J. Meredith;;English;English;https://en.wikipedia.org/wiki/George_Meredith;English
Marston, Louise;Marston Louise;;;;;
Hay, John;Hay John;;;;;
Fraser-Tytler, M. E. (Mary Elizabeth);Mary Elizabeth Fraser-Tytler;;;;;
Cooper, Jennie;Cooper Jennie;;;;;
Litchfield, Grace Denio;Litchfield Grace Denio;;;;;
Fothergill, Caroline;Fothergill Caroline;;;;;
Drewry, Edith Stewart;Drewry Edith Stewart;;;;;
Sheip, Levi C;Sheip Levi C;;;;;
Doudney, Sarah;Doudney Sarah;;English;;https://en.wikipedia.org/wiki/Sarah_Doudney;English
"Conklin, Jennie Maria (Drinkwater) ""Mrs. Nathaniel Conklin,""";Drinkwater Conklin;American;American;American;https://en.wikipedia.org/wiki/Jennie_Maria_Drinkwater_Conklin;American
Songman;Songman;American;;;https://en.wikipedia.org/wiki/Songwriter;American
Duffy, Bella;Duffy Bella;;;;;
Dillwyn, E. A;Dillwyn E. A;;American;;https://en.wikipedia.org/wiki/Amy_Dillwyn;American
Madame Craven, Pauline Marie Armande Aglaé Ferron de La Ferronnays;Madame Craven Pauline Marie Armande Aglaé Ferron de La Ferronnays;;French;;https://en.wikipedia.org/wiki/Pauline_Marie_Armande_Craven;French
Arnould, A;Arnould A;English;English;British;https://en.wikipedia.org/wiki/Matthew_Arnold;British
Benedict, Frank Lee;Benedict Frank Lee;;;;;
Elvester;Elvester;;;;;
White, Richard Grant;White Richard Grant;;Shakespearean;;https://en.wikipedia.org/wiki/Richard_Grant_White;Shakespearean
Beatty, John;Beatty John;;American;;https://en.wikipedia.org/wiki/John_and_Patricia_Beatty;American
Douglas, Amanda Minnie;Douglas Amanda Minnie;American;American;;https://en.wikipedia.org/wiki/Amanda_Minnie_Douglas;American
Sr., Hale, Edward Everett;Sr. Hale Edward Everett;;American;;https://en.wikipedia.org/wiki/Edward_Everett_Hale;American
Cook, Dutton;Cook Dutton;British;British;;https://en.wikipedia.org/wiki/Edward_Dutton_Cook;British
Graham, Edwin Brown;Graham Edwin Brown;;;;;
Howe, Elizabeth;Howe Elizabeth;;American;;https://en.wikipedia.org/wiki/Laura_E._Richards;American
Jones, Sarah J;Jones Sarah J;;;;;
Barnard, Frederick;Barnard Frederick;;English;British;https://en.wikipedia.org/wiki/Fred_Barnard;British
Lyster, Annette;Lyster Annette;;;;;
Rideout, J. B;Rideout J. B;;American;;https://en.wikipedia.org/wiki/Ride_Out_(album);American
Arena;Arena;American;American;American;https://en.wikipedia.org/wiki/Maria_Arena_Bell;American
P??rez Gald?_s, Benito;P??rez Gald?_s Benito;;Spanish;;https://en.wikipedia.org/wiki/Benito_Pérez_Galdós;Spanish
Queen of Great Britain, Victoria;Queen of Great Britain Victoria;;Victorian;;https://en.wikipedia.org/wiki/Queen_Victoria;Victorian
Elliot, Frances;Elliot Frances;;British;;https://en.wikipedia.org/wiki/Francis_Elliott_(journalist);British
Wooding, E;Wooding E;;British;;https://en.wikipedia.org/wiki/Chris_Wooding;British
Griffin, Lepel Henry;Griffin Lepel Henry;;British;;https://en.wikipedia.org/wiki/Lepel_Griffin;British
Homer;Homer;;Greek;Greek;https://en.wikipedia.org/wiki/Homer;Greek
Fletcher, Susan Willis;Fletcher Susan Willis;;;;;
Pennell, Elizabeth (Robins);Robins Pennell;American;American;;https://en.wikipedia.org/wiki/Elizabeth_Robins_Pennell;American
Clover, Sam T;Clover Sam T;;;;;
Martin, Mary, Lady;Martin Mary Lady;;English;;https://en.wikipedia.org/wiki/Mary_Martin_(teacher);English
Barrows, John Otis;Barrows John Otis;;;;;
Hall, Frances;Hall Frances;;;;;
Reade, Charles;Reade Charles;English;English;;https://en.wikipedia.org/wiki/Charles_Reade;English
C.B.S;C.B.S;American;American;American;https://en.wikipedia.org/wiki/C._B._Colby;American
Church, Ella Rodman;Church Ella Rodman;;American;;https://en.wikipedia.org/wiki/Ella_Rodman_Church;American
Thomas, Martha McCannon;Thomas Martha McCannon;;American;;https://en.wikipedia.org/wiki/Martha_J._B._Thomas;American
Bashkirtseff, Marie;Bashkirtseff Marie;;Russian;Russian;https://en.wikipedia.org/wiki/Marie_Bashkirtseff;Russian
O'Rell, Max;O'Rell Max;;;;;
Fraser, Norman;Fraser Norman;;American;American;https://en.wikipedia.org/wiki/Norman_Mailer;American
Aziz Efendi;Aziz Efendi;;Ottoman;;https://en.wikipedia.org/wiki/Giritli_Ali_Aziz_Efendi;Ottoman
Craik, Dinah Maria (Mulock), Mrs;Mulock Craik;English;English;;https://en.wikipedia.org/wiki/Dinah_Craik;English
Arp, Bill;Arp Bill;American;American;;https://en.wikipedia.org/wiki/Bill_Arp;American
Giberne, Agnes;Giberne Agnes;British;British;English;https://en.wikipedia.org/wiki/Agnes_Giberne;English
Spofford, Ainsworth Rand;Spofford Ainsworth Rand;;American;;https://en.wikipedia.org/wiki/Ainsworth_Rand_Spofford;American
Floyd, N. J. (Nicholas Jackson);Nicholas Jackson Floyd;;American;;https://en.wikipedia.org/wiki/Nicholas_Jackson_(editor);American
Lincoln, Jeanie Gould;Lincoln Jeanie Gould;American;American;American;https://en.wikipedia.org/wiki/Jeanie_Gould;American
Wheelock, John E;Wheelock John E;;British;;https://en.wikipedia.org/wiki/John_Wheelock;British
Wright, Alfred;Wright Alfred;British;British;British;https://en.wikipedia.org/wiki/James_Herriot;British
Stowe, Harriet Beecher;Stowe Harriet Beecher;American;American;;https://en.wikipedia.org/wiki/Harriet_Beecher_Stowe;American
Carroll, Lewis;Carroll Lewis;English;English;;https://en.wikipedia.org/wiki/Lewis_Carroll;English
Carroll, John;Carroll John;;;;https://en.wikipedia.org/wiki/John_Carroll_(author);
Butts, M. F. (Mary F.);Mary F. Butts;;;;https://en.wikipedia.org/wiki/Westfield_College;
Caṭṭopādhyāẏa, Baṅkimacandra;Caṭṭopādhyāẏa Baṅkimacandra;;Indian;;https://en.wikipedia.org/wiki/Bankim_Chandra_Chatterjee;Indian
Carpenter, Frank De Yeaux;Carpenter Frank De Yeaux;;American;;https://en.wikipedia.org/wiki/Frank_M._Carpenter;American
Swynnerton, Charles;Swynnerton Charles;;English;;https://en.wikipedia.org/wiki/Charles_Francis_Massy_Swynnerton;English
Venn, Susannah C;Venn Susannah C;;;;;
Leland, Charles Godfrey;Leland Charles Godfrey;American;American;;https://en.wikipedia.org/wiki/Charles_Godfrey_Leland;American
Thomes, William Henry;Thomes William Henry;;English;;https://en.wikipedia.org/wiki/Thomas_Henry_(illustrator);English
Stockton, Frank R. (Frank Richard);Frank Richard Stockton;American;American;American;https://en.wikipedia.org/wiki/Frank_R._Stockton;American
Smith, William Hawley;Smith William Hawley;;;;;
Vernaleken, Theodor;Vernaleken Theodor;;;;;
Johonnot, James;Johonnot James;;;;https://en.wikipedia.org/wiki/James_Johonnot;
Williams, George Forrester;Williams George Forrester;;;;https://en.wikipedia.org/wiki/George_Forrester_Williams;
Adams, William Taylor;Adams William Taylor;;;;https://en.wikipedia.org/wiki/William_Taylor_Adams;
Hopkins, Jennie L;Hopkins Jennie L;;;Scottish;https://en.wikipedia.org/wiki/Jenny_Colgan;Scottish
Hamlen, G. (Georgianna);Georgianna Hamlen;;;;;
White, Ten Eyck;White Ten Eyck;;;;;
Fenn, George Manville;Fenn George Manville;;English;;https://en.wikipedia.org/wiki/George_Manville_Fenn;English
Allen, Grant;Allen Grant;British;British;;https://en.wikipedia.org/wiki/Alan_Grant_(writer);British
Sime, William;Sime William;British;British;;https://en.wikipedia.org/wiki/Nicholas_Sims-Williams;British
Crozier, R. H. (Robert Hoskins);Robert Hoskins Crozier;;;;;
Bellamy, Edward;Bellamy Edward;American;American;;https://en.wikipedia.org/wiki/Edward_Bellamy;American
Fräulein von. Weling;Fräulein von. Weling;;East German;;https://en.wikipedia.org/wiki/Das_Fräulein_von_Scuderi;East German
Morris, Anthony P;Morris Anthony P;;;;;
Harris, William Torrey;Harris William Torrey;;American;;https://en.wikipedia.org/wiki/William_Torrey_Harris;American
Le Row, Caroline B. (Caroline Bigelow);Caroline Bigelow Le Row;;;;;
Fothergill, John M;Fothergill John M;;British;British;https://en.wikipedia.org/wiki/John_Milner_Fothergill;British
Wethered, Charles;Wethered Charles;;English;;https://en.wikipedia.org/wiki/E._V._Lucas;English
Plympton, A. G. (Almira George);Almira George Plympton;;;;;
Seabrook, Whitemarsh B;Seabrook Whitemarsh B;;;;https://en.wikipedia.org/wiki/Seabrook_(surname);
Carleton, Henry Guy;Carleton Henry Guy;;American;;https://en.wikipedia.org/wiki/Henry_Guy_Carleton;American
Huntington, L. S. (Lucius Seth);Lucius Seth Huntington;;Canadian;;https://en.wikipedia.org/wiki/Lucius_Seth_Huntington;Canadian
Hamilton, William Alexander Baillie;Hamilton William Alexander Baillie;;Scottish;;https://en.wikipedia.org/wiki/William_Baillie-Hamilton;Scottish
Elbon, Barbara;Elbon Barbara;;;;;
Cooper, Katherine;Cooper Katherine;;;;;
Forbes, Urquhart Atwell;Forbes Urquhart Atwell;;;;;
Needell, J. H, Mrs;Needell J. H Mrs;;;;;
Fitzgerald, Percy Hetherington;Fitzgerald Percy Hetherington;;Anglo;;https://en.wikipedia.org/wiki/Percy_Hetherington_Fitzgerald;Anglo
Brown, William Wells;Brown William Wells;;an African American;;https://en.wikipedia.org/wiki/William_Wells_Brown;an African American
King, Charles;King Charles;;Russian;American;https://en.wikipedia.org/wiki/Charles_King_(professor_of_international_affairs);American
Diehl, Alice M. (Alice Mangold);Alice Mangold Diehl;;English;;https://en.wikipedia.org/wiki/Alice_Diehl;English
Buchanan, Robert Williams;Buchanan Robert Williams;;Scottish;Scottish;https://en.wikipedia.org/wiki/Robert_Williams_Buchanan;Scottish
Greene, (Louisa Lilias), Mrs;Louisa Lilias Greene;;Irish;;https://en.wikipedia.org/wiki/Louisa_Lilias_Plunket_Greene;Irish
Elliot, Henry R. (Henry Rutherford);Henry Rutherford Elliot;;;;;
Bertz, Eduard;Bertz Eduard;;;;;
Robinson, F. W. (Frederick William);Frederick William Robinson;;English;;https://en.wikipedia.org/wiki/Frederick_William_Robinson;English
Beard, O. T. (Oliver Thomas);Oliver Thomas Beard;;English;;https://en.wikipedia.org/wiki/Thomas_Beard;English
Whitaker, Evelyn;Whitaker Evelyn;;English;;https://en.wikipedia.org/wiki/Evelyn_Whitaker;English
Smith, Juliet B;Smith Juliet B;;;;;
Mitchell, S. Weir (Silas Weir);Silas Weir Mitchell;American;American;;https://en.wikipedia.org/wiki/Silas_Weir_Mitchell_(physician);American
Teal, Angeline;Teal Angeline;;;;;
Whitelock, Louise Clarkson;Whitelock Louise Clarkson;;;;;
Bates, Arlo;Bates Arlo;;American;;https://en.wikipedia.org/wiki/Arlo_Bates;American
Spencer, George E, Mrs;Spencer George E Mrs;;;;;
Anstey, F;Anstey F;;English;;https://en.wikipedia.org/wiki/Thomas_Anstey_Guthrie;English
Smart, Hawley;Smart Hawley;;English;;https://en.wikipedia.org/wiki/Henry_Hawley_Smart;English
Stimson, Frederic Jessup;Stimson Frederic Jessup;;American;;https://en.wikipedia.org/wiki/Frederic_Jesup_Stimson;American
Ohnet, Georges;Ohnet Georges;;French;;https://en.wikipedia.org/wiki/Georges_Ohnet;French
Halsted, Leonora B;Halsted Leonora B;;;;;
Langdon, Samuel;Langdon Samuel;;;;https://en.wikipedia.org/wiki/Samuel_Langdon;
Parker, Augusta Bethell;Parker Augusta Bethell;;;;;
Gautier, Judith;Gautier Judith;French;French;French;https://en.wikipedia.org/wiki/Judith_Gautier;French
Haggard, H. Rider (Henry Rider);Henry Rider Haggard;English;English;British;https://en.wikipedia.org/wiki/H._Rider_Haggard;British
Lugard, Flora Louisa Shaw, Lady;Lugard Flora Louisa Shaw Lady;British;British;;https://en.wikipedia.org/wiki/Flora_Shaw,_Lady_Lugard;British
Malone, Michael;Malone Michael;American;American;;https://en.wikipedia.org/wiki/Michael_Malone_(author);American
Stocker, C. H. D;Stocker C. H. D;;;;;
Murfree, Mary Noailles;Murfree Mary Noailles;American;American;American;https://en.wikipedia.org/wiki/Mary_Noailles_Murfree;American
Roe, E. P;Roe E. P;;American;American;https://en.wikipedia.org/wiki/Edward_Payson_Roe;American
Whelpton, Edwin;Whelpton Edwin;;;;;
Warden, Florence;Warden Florence;;English;English;https://en.wikipedia.org/wiki/Florence_Warden;English
Sergeant, Adeline;Sergeant Adeline;;English;English;https://en.wikipedia.org/wiki/Adeline_Sergeant;English
Lee, Vernon;Lee Vernon;British;British;;https://en.wikipedia.org/wiki/Vernon_Lee;British
Hunter, P. Hay;Hunter P. Hay;;;;;
Harte, Bret;Harte Bret;American;American;;https://en.wikipedia.org/wiki/Bret_Harte;American
Grant, Robert;Grant Robert;;;;https://en.wikipedia.org/wiki/Grant_L._Roberts;
Everett-Green, Evelyn;Everett-Green Evelyn;;English;English;https://en.wikipedia.org/wiki/Evelyn_Everett-Green;English
Putnam, Samuel P. (Samuel Porter);Samuel Porter Putnam;;American;;https://en.wikipedia.org/wiki/Samuel_Porter_Putnam;American
Farrar, Charles A. J. (Charles Alden John);Charles Alden John Farrar;;;;;
Stanford, Hope;Stanford Hope;;;;;
Roe, E. R. (Edward Reynolds);Edward Reynolds Roe;;;;https://en.wikipedia.org/wiki/Edward_Reynolds;
Gerrish, Theodore;Gerrish Theodore;;;;;
Barr, Amelia Edith Huddleston;Barr Amelia Edith Huddleston;;British;;https://en.wikipedia.org/wiki/Amelia_Edith_Huddleston_Barr;British
Goldsberry, Doran & Nelson. [from old catalog];Goldsberry Doran & Nelson. from old catalog;;;;;
Morse, Edmund. [from old catalog];Morse Edmund. from old catalog;;American;;https://en.wikipedia.org/wiki/Samuel_Morse;American
[McCray, Florine Thayer];McCray Florine Thayer;;;Suspense;https://en.wikipedia.org/wiki/Steve_Thayer;Suspense
Hickey, David;Hickey David;;;;;
Pennell, Joseph;Pennell Joseph;American;American;American;https://en.wikipedia.org/wiki/Joseph_Pennell;American
Jacobsen, J. P. (Jens Peter);Jens Peter Jacobsen;;Danish;;https://en.wikipedia.org/wiki/Jens_Peter_Jacobsen;Danish
Barras, Julius;Barras Julius;;;;;
Burnaby, Fred;Burnaby Fred;;;;;
pseud. Coverdale, Henry Standish, Sir;pseud. Coverdale Henry Standish Sir;;English Franciscan;;https://en.wikipedia.org/wiki/Henry_Standish;English Franciscan
Victor, Metta Victoria Fuller;Victor Metta Victoria Fuller;American;American;American;https://en.wikipedia.org/wiki/Metta_Victoria_Fuller_Victor;American
Arnold, Edwin, Sir;Arnold Edwin Sir;;English;English;https://en.wikipedia.org/wiki/Edwin_Arnold;English
Hugo, Victor;Hugo Victor;;French;;https://en.wikipedia.org/wiki/Victor_Hugo;French
Ward, Margaret Ketcham;Ward Margaret Ketcham;;English Catholic;;https://en.wikipedia.org/wiki/Margaret_Ward;English Catholic
Grant, Elizabeth;Grant Elizabeth;;Scottish;;https://en.wikipedia.org/wiki/Elizabeth_Grant_(diarist);Scottish
Reizenstein, Ludwig von;Reizenstein Ludwig von;;;;;
Croker, B. M. (Bithia Mary);Bithia Mary Croker;;Irish;;https://en.wikipedia.org/wiki/Bithia_Mary_Croker;Irish
Adams, E;Adams E;;American;American;https://en.wikipedia.org/wiki/Alice_Adams_(writer);American
Winslow, William Henry;Winslow William Henry;;;;;
Guiney, Louise Imogen;Guiney Louise Imogen;American;American;;https://en.wikipedia.org/wiki/Louise_Imogen_Guiney;American
Wright, Henrietta Christian;Wright Henrietta Christian;American;Henrietta Christian Wright;;https://en.wikipedia.org/wiki/Henrietta_Christian_Wright;American
Dunbar, Susan T. [from old catalog];Dunbar Susan T. from old catalog;;;;;
Wedgwood, Henry Allen;Wedgwood Henry Allen;English;English;;https://en.wikipedia.org/wiki/Henry_Allen_Wedgwood;English
Offord, Robert M;Offord Robert M;;;;;
Ewing, Juliana Horatia Gatty;Ewing Juliana Horatia Gatty;;English;English;https://en.wikipedia.org/wiki/Juliana_Horatia_Ewing;English
Ruskin, John;Ruskin John;English;English;;https://en.wikipedia.org/wiki/John_Ruskin;English
G., I. H;G. I. H;;American;American;https://en.wikipedia.org/wiki/Larry_Hama;American
Beers, Henry A. (Henry Augustin);Henry Augustin Beers;;English;;https://en.wikipedia.org/wiki/Henry_Augustin_Beers;English
Walton, D. F, Mrs;Walton D. F Mrs;;;;;
Garrett, Thomas Ellwood;Garrett Thomas Ellwood;;;;;
Kendall, Sidney C;Kendall Sidney C;;British;;https://en.wikipedia.org/wiki/To_Sir,_with_Love;British
Fullerton, Georgiana Charlotte Seveson-Gower, Lady;Fullerton Georgiana Charlotte Seveson-Gower Lady;;English;;https://en.wikipedia.org/wiki/Georgiana_Fullerton;English
Dutt, Shoshee Chunder;Dutt Shoshee Chunder;;;;;
Moore, B. P;Moore B. P;;;;https://en.wikipedia.org/wiki/Heather_B._Moore;
Hoes, Robert R;Hoes Robert R;;American;;https://en.wikipedia.org/wiki/Robert_Hoe_III;American
Pater, Walter;Pater Walter;;English;British;https://en.wikipedia.org/wiki/Walter_Pater;British
Hamlen, Georgianna;Hamlen Georgianna;;;;;
Winter, John Strange;Winter John Strange;;British;British;https://en.wikipedia.org/wiki/John_Strange_Winter;British
Paeon, Jupiter;Paeon Jupiter;;;;;
Vallès, Jules;Vallès Jules;French;French;French;https://en.wikipedia.org/wiki/Jules_Vallès;French
Fawcett, Edgar;Fawcett Edgar;American;American;;https://en.wikipedia.org/wiki/Edgar_Fawcett;American
Delany, Martin Robison;Delany Martin Robison;;Pan-African;;https://en.wikipedia.org/wiki/Martin_Delany;Pan-African
Bird, Frederick Spencer;Bird Frederick Spencer;;;;;
Walworth, Jeannette Ritchie Hadermann;Walworth Jeannette Ritchie Hadermann;American;American;American;https://en.wikipedia.org/wiki/Jeannette_H._Walworth;American
Aesop;Aesop;Greek;Greek;Greek;https://en.wikipedia.org/wiki/Aesop;Greek
Wilmot, Walter;Wilmot Walter;;American;;https://en.wikipedia.org/wiki/Walt_Wilmot;American
Viscount, Astor, William Waldorf Astor;Viscount Astor William Waldorf Astor;;American;;https://en.wikipedia.org/wiki/William_Waldorf_Astor;American
Bunce, Oliver Bell;Bunce Oliver Bell;;American;;https://en.wikipedia.org/wiki/Oliver_Bell_Bunce;American
Bennett, Emerson;Bennett Emerson;American;American;;https://en.wikipedia.org/wiki/Emerson_Bennett;American
Astor, William Waldorf Astor;Astor William Waldorf Astor;;American;;https://en.wikipedia.org/wiki/William_Waldorf_Astor;American
Porter, David D. (David Dixon);David Dixon Porter;;;;https://en.wikipedia.org/wiki/David_Dixon_Porter;
Reid, Christian;Reid Christian;American;American;;https://en.wikipedia.org/wiki/Christian_Reid;American
About, Edmond;About Edmond;;French;;https://en.wikipedia.org/wiki/Edmond_François_Valentin_About;French
Kielland, Alexander Lange;Kielland Alexander Lange;Norwegian;Norwegian;Norwegian;https://en.wikipedia.org/wiki/Alexander_Kielland;Norwegian
Louisiana;Louisiana;;;;;
Gray, Louisa M;Gray Louisa M;;;;;
Hudson, W. H. (William Henry);William Henry Hudson;;Anglo;English Argentine;https://en.wikipedia.org/wiki/William_Henry_Hudson;English Argentine
Jackman, Abi S;Jackman Abi S;;;;;
McCarthy, Justin H , (Justin Huntly);McCarthy Justin H  (Justin Huntly);;Irish;;https://en.wikipedia.org/wiki/Justin_Huntly_McCarthy;Irish
Alcock, Deborah;Alcock Deborah;;;;https://en.wikipedia.org/wiki/Deborah_Alcock;
Brew, Margaret W;Brew Margaret W;;;;;
Balzac, Honoré de;Balzac Honoré de;French;French;;https://en.wikipedia.org/wiki/Honoré_de_Balzac;French
Peile, W. O;Peile W. O;;;;https://en.wikipedia.org/wiki/Writer;
Burton, María Amparo Ruíz;Burton María Amparo Ruíz;;Mexican;Mexican;https://en.wikipedia.org/wiki/María_Ruiz_de_Burton;Mexican
Stone, Evelyn;Stone Evelyn;;;;;
Cheney, John Vance;Cheney John Vance;American;American;;https://en.wikipedia.org/wiki/John_Vance_Cheney;American
Sadlier, J, Mrs;Sadlier J Mrs;;;;;
Harland, Henry;Harland Henry;American;American;;https://en.wikipedia.org/wiki/Henry_Harland;American
Richards, James Brinsley;Richards James Brinsley;;;;;
Asbjørnsen, Peter Christen;Asbjørnsen Peter Christen;;Norwegian;;https://en.wikipedia.org/wiki/Peter_Christen_Asbjørnsen;Norwegian
Castro, Rosalía de;Castro Rosalía de;;Galician;;https://en.wikipedia.org/wiki/Rosalía_de_Castro;Galician
Briton, E. Vincent;Briton E. Vincent;;;;;
Young, Ernest A;Young Ernest A;American;American;;https://en.wikipedia.org/wiki/Ernest_P._Young;American
Reeves, Marian Calhoun Legare;Reeves Marian Calhoun Legare;;;;;
Banks, Armanda D;Banks Armanda D;;;;;
Du Boisgobey, Fortune;Du Boisgobey Fortune;;French;;https://en.wikipedia.org/wiki/Fortuné_du_Boisgobey;French
Clifford, W. K., Mrs;Clifford W. K. Mrs;;;;;
Fitch, H. P;Fitch H. P;;American;American;https://en.wikipedia.org/wiki/George_Fitch_(author);American
Van Vorst, Frederick B;Van Vorst Frederick B;;American;;https://en.wikipedia.org/wiki/Bessie_Van_Vorst;American
D'Avigdor, Elim Henry;D'Avigdor Elim Henry;;;;;
[Murfree, Mary Noailles];Murfree Mary Noailles;American;American;American;https://en.wikipedia.org/wiki/Mary_Noailles_Murfree;American
Francillon, R. E;Francillon R. E;;American;;https://en.wikipedia.org/wiki/Zelda_Fitzgerald;American
Herbert, Sarah Ann Flanders;Herbert Sarah Ann Flanders;;;;;
Orne, Philip;Orne Philip;;American;;https://en.wikipedia.org/wiki/Azor_Orne;American
Bradshaw, John;Bradshaw John;American;American;;https://en.wikipedia.org/wiki/John_Bradshaw_(author);American
Magruder, Julia;Magruder Julia;American;American;;https://en.wikipedia.org/wiki/Julia_Magruder;American
Hillary, Max;Hillary Max;;American;;https://en.wikipedia.org/wiki/Max_Boot;American
Sturgis, Julian;Sturgis Julian;American;British-American;;https://en.wikipedia.org/wiki/Julian_Sturgis;American
Gray, Arnold;Gray Arnold;;;;;
Kernahan, Coulson, Mrs;Kernahan Coulson Mrs;;English;;https://en.wikipedia.org/wiki/Coulson_Kernahan;English
Cobb, Sylvanus;Cobb Sylvanus;American;American;;https://en.wikipedia.org/wiki/Sylvanus_Cobb_Jr.;American
Gingold, H??l??ne;Gingold H??l??ne;;American;;https://en.wikipedia.org/wiki/Alfred_Gingold;American
Forde, Gertrude;Forde Gertrude;;American;;https://en.wikipedia.org/wiki/Gertrude_Stein;American
Macquoid, Katharine S. (Katharine Sarah);Katharine Sarah Macquoid;;British;;https://en.wikipedia.org/wiki/Katharine_Sarah_Macquoid;British
Brownell, Henrietta M. K;Brownell Henrietta M. K;;;;;
Keenan, Henry F. (Henry Francis);Henry Francis Keenan;;American;;https://en.wikipedia.org/wiki/Henry_Francis_Keenan;American
Sanborn, Kate;Sanborn Kate;;American;American;https://en.wikipedia.org/wiki/Kate_Sanborn;American
Smith, Boston W;Smith Boston W;;American;American;https://en.wikipedia.org/wiki/Sarah_Smith_(writer);American
Cleland, Robert;Cleland Robert;;;;;
Searing, A. E. P;Searing A. E. P;;American;American;https://en.wikipedia.org/wiki/Laura_Redden_Searing;American
Kendall, May Emma Goldworth;Kendall May Emma Goldworth;;;;;
Simcox, Edith Jemima;Simcox Edith Jemima;British;British;;https://en.wikipedia.org/wiki/Edith_Simcox;British
Houlding, John Richard;Houlding John Richard;;;;;
Frazar, Douglas;Frazar Douglas;;;;;
Moodie, Susanna;Moodie Susanna;English-Canadian;English;;https://en.wikipedia.org/wiki/Susanna_Moodie;English-Canadian
Corselius, Cornelia E;Corselius Cornelia E;;American;;https://en.wikipedia.org/wiki/Cornelia_Otis_Skinner;American
Carryl, Charles E;Carryl Charles E;;American;;https://en.wikipedia.org/wiki/Charles_E._Carryl;American
ingo, Charles A, Sir;ingo Charles A Sir;;;;;
Perry, B. F. (Benjamin Franklin);Benjamin Franklin Perry;;;;https://en.wikipedia.org/wiki/Benjamin_Franklin_Perry;
Bolton, Sarah (Knowles);Knowles Bolton;American;American;American;https://en.wikipedia.org/wiki/Sarah_Knowles_Bolton;American
Allen, Henry Francis;Allen Henry Francis;;British;;https://en.wikipedia.org/wiki/Alan_Henry;British
Haris, Amanda Bartlett;Haris Amanda Bartlett;;American;American;https://en.wikipedia.org/wiki/Amanda_Bartlett_Harris;American
Hobart-Hampden, Augustus Charles;Hobart-Hampden Augustus Charles;;English;;https://en.wikipedia.org/wiki/Augustus_Charles_Hobart-Hampden;English
Sidey, James A. (James Archibald);James Archibald Sidey;;;;https://en.wikipedia.org/wiki/James_Archibald;
Lesley, Susan I. (Susan Inches);Susan Inches Lesley;;;;;
Hazlitt, William Carew;Hazlitt William Carew;;English;;https://en.wikipedia.org/wiki/William_Carew_Hazlitt;English
Coleman, John;Coleman John;;American;American;https://en.wikipedia.org/wiki/Jonathan_Coleman_(author);American
Blanding, Stephen F;Blanding Stephen F;;;;;
Farini, G. A. (G. Antonio);G. Antonio Farini;Canadian;;;;Canadian
Tolstoy, Leo, graf;Tolstoy Leo graf;Russian;English;;https://en.wikipedia.org/wiki/Leo_Tolstoy;Russian
Howe, Thomas H;Howe Thomas H;;;;;
Blind, Mathilde;Blind Mathilde;;German;;https://en.wikipedia.org/wiki/Mathilde_Blind;German
Bridge, James Howard;Bridge James Howard;;;;;
Laing, S. (Samuel);Samuel Laing;British;British;;https://en.wikipedia.org/wiki/Samuel_Laing_(science_writer);British
Spencer, Mary Clare Wilson;Spencer Mary Clare Wilson;;American;;https://en.wikipedia.org/wiki/Mary_C._Spencer;American
Burdette, Robert J. (Robert Jones);Robert Jones Burdette;;American;;https://en.wikipedia.org/wiki/Robert_Jones_Burdette;American
Wright, Julia McNair;Wright Julia McNair;;American;American;https://en.wikipedia.org/wiki/Julia_McNair_Wright;American
Tinsley, Lily;Tinsley Lily;;;;;
Putnam, Eleanor;Putnam Eleanor;American;American;;https://en.wikipedia.org/wiki/Harriet_Bates;American
Wilkinson, Charles Allix;Wilkinson Charles Allix;;English;;https://en.wikipedia.org/wiki/Charles_Wilkinson_(cricketer);English
Sidney, Margaret;Sidney Margaret;American;American;;https://en.wikipedia.org/wiki/Harriett_Lothrop;American
Holmes, George Frederick;Holmes George Frederick;;;;https://en.wikipedia.org/wiki/George_Frederick_Holmes;
White, Betsey Ann;White Betsey Ann;;American;;https://en.wikipedia.org/wiki/Betty_White;American
De Longueville, Thomas;De Longueville Thomas;;;;;
Givins, Robert C;Givins Robert C;;American;;https://en.wikipedia.org/wiki/Bob_Givens;American
Lambert, George;Lambert George;;;;;
Waldy, Frances Helen;Waldy Frances Helen;;;;;
Lawless, Emily;Lawless Emily;Irish;Irish;;https://en.wikipedia.org/wiki/Emily_Lawless;Irish
Morris, William;Morris William;;;;https://en.wikipedia.org/wiki/Morris_Williams;
Wilcox, Ella Wheeler;Wilcox Ella Wheeler;American;American;;https://en.wikipedia.org/wiki/Ella_Wheeler_Wilcox;American
Chernyshevsky, Nikolay Gavrilovich;Chernyshevsky Nikolay Gavrilovich;Russian;Russian;Russian;https://en.wikipedia.org/wiki/Nikolay_Chernyshevsky;Russian
Ross, Joseph Carne-;Ross Joseph Carne-;;Portuguese;;https://en.wikipedia.org/wiki/Joseph_Carne-Ross;Portuguese
Newell, Charles Martin;Newell Charles Martin;;;;;
Randolph, Edmund;Randolph Edmund;;;;https://en.wikipedia.org/wiki/Edmund_Randolph;
Edler, Karl Erdmann;Edler Karl Erdmann;;;;;
Howe, E. W. (Edgar Watson);Edgar Watson Howe;American;American;;https://en.wikipedia.org/wiki/E._W._Howe;American
Wilcox, Marrion;Wilcox Marrion;;Anglo;;https://en.wikipedia.org/wiki/Marrion_Wilcox;Anglo
Scheffel, Joseph Viktor von;Scheffel Joseph Viktor von;German;German;;https://en.wikipedia.org/wiki/Joseph_Victor_von_Scheffel;German
[Tebault, Alfred George] [from old catalog];Tebault Alfred George from old catalog;;English;;https://en.wikipedia.org/wiki/Alfred_George_Gardiner;English
Brown, Helen Dawes;Brown Helen Dawes;;;;;
Lang, Andrew;Lang Andrew;Scottish;Scottish;;https://en.wikipedia.org/wiki/Andrew_Lang;Scottish
Norris, Mary Harriott;Norris Mary Harriott;;American;;https://en.wikipedia.org/wiki/Mary_Harriott_Norris;American
Rexdale, Robert;Rexdale Robert;;;;;
Gagneur, L. (Louise);Louise Gagneur;French;French;French;https://en.wikipedia.org/wiki/Marie-Louise_Gagneur;French
Vandegrift, Margaret;Vandegrift Margaret;American;American;American;https://en.wikipedia.org/wiki/Margaret_Thomson_Janvier;American
Brierley, Benjamin;Brierley Benjamin;;English;British;https://en.wikipedia.org/wiki/Benjamin_Brierley;British
Wiggin, Kate Douglas Smith;Wiggin Kate Douglas Smith;American;American;American;https://en.wikipedia.org/wiki/Kate_Douglas_Wiggin;American
Bingham, Jennie M;Bingham Jennie M;;;;;
Williams, Flora McDonald;Williams Flora McDonald;;;;;
Gr??ville, Henry;Gr??ville Henry;;French;;https://en.wikipedia.org/wiki/Henry_Gréville;French
Dowling, Geo. Thos. (George Thomas);George Thomas Dowling;;;;;
Swazey, Arthur;Swazey Arthur;;American;;https://en.wikipedia.org/wiki/Patrick_Swayze;American
Alma-Tadema, Laurence;Alma-Tadema Laurence;Dutch;Dutch;;https://en.wikipedia.org/wiki/Lawrence_Alma-Tadema;Dutch
Elwes, Alfred;Elwes Alfred;British;British;British;https://en.wikipedia.org/wiki/Alfred_Elwes;British
Bloundelle-Burton, John Edward;Bloundelle-Burton John Edward;;English;;https://en.wikipedia.org/wiki/John_Bloundelle-Burton;English
Hake, Thomas St. E;Hake Thomas St. E;;;;;
Chetwynd, Henry Wayland;Chetwynd Henry Wayland;;;;;
Harrison, Joanna;Harrison Joanna;;;;;
Hetzel, Pierre-Jules;Hetzel Pierre-Jules;French;French;;https://en.wikipedia.org/wiki/Pierre-Jules_Hetzel;French
Ford, Sallie Rochester;Ford Sallie Rochester;American;American;American;https://en.wikipedia.org/wiki/Sallie_Rochester_Ford;American
H??lek, V?_t?_zslav;H??lek V?_t?_zslav;;;;;
Matthews, Brander;Matthews Brander;;American;;https://en.wikipedia.org/wiki/Brander_Matthews;American
Smith, George Gilman;Smith George Gilman;;;;;
Ley, Beatrice;Ley Beatrice;;German;;https://en.wikipedia.org/wiki/Robert_Ley;German
Wyman, Lillie Buffum Chace;Wyman Lillie Buffum Chace;American;American;;https://en.wikipedia.org/wiki/Lillie_Buffum_Chace_Wyman;American
Butler, William Allen;Butler William Allen;American;American;;https://en.wikipedia.org/wiki/William_Allen_Butler;American
Murray, W. H. H. (William Henry Harrison);William Henry Harrison Murray;American;American;;https://en.wikipedia.org/wiki/William_Henry_Harrison_Murray;American
Reade, Amos;Reade Amos;;Hebrew;Israeli;https://en.wikipedia.org/wiki/Amos_Oz;Israeli
Griffiths, Arthur;Griffiths Arthur;;British;;https://en.wikipedia.org/wiki/Arthur_Griffiths_(author);British
Barrett, J. Pressley;Barrett J. Pressley;;Chinese;;https://en.wikipedia.org/wiki/Daniel_J._Barrett;Chinese
Roe, William James;Roe William James;American;American;;https://en.wikipedia.org/wiki/William_James_Roe;American
Trotter, Ada M;Trotter Ada M;American;American;;https://en.wikipedia.org/wiki/William_R._Trotter;American
Harwood, John Berwick;Harwood John Berwick;;English;British;https://en.wikipedia.org/wiki/John_Berwick_Harwood;British
McClelland, M. G. (Mary Greenway);Mary Greenway McClelland;American;;;;American
Gray, Maxwell;Gray Maxwell;;English;;https://en.wikipedia.org/wiki/Maxwell_Gray;English
Ferguson, Samuel, Sir;Ferguson Samuel Sir;;Irish;Irish;https://en.wikipedia.org/wiki/Samuel_Ferguson;Irish
Alcott, Louisa May;Alcott Louisa May;American;American;;https://en.wikipedia.org/wiki/Louisa_May_Alcott;American
M. Arnaud;M. Arnaud;;French;French;https://en.wikipedia.org/wiki/Georges_Arnaud;French
Corelli, Marie;Corelli Marie;;English;British;https://en.wikipedia.org/wiki/Marie_Corelli;British
King, Edward;King Edward;American;American;;https://en.wikipedia.org/wiki/Edward_King_(author);American
Berens, Louise;Berens Louise;;;;;
Hardinge, William M;Hardinge William M;;English;;https://en.wikipedia.org/wiki/William_Money_Hardinge;English
Greene, Belle C;Greene Belle C;;American;American;https://en.wikipedia.org/wiki/Belle_da_Costa_Greene;American
Grey, Oliver;Grey Oliver;;English;;https://en.wikipedia.org/wiki/Reggie_Oliver_(writer);English
Woolsey, Charles William;Woolsey Charles William;;British;English;https://en.wikipedia.org/wiki/Charles_Williams_(British_writer);English
Hardy, Arthur Sherburne;Hardy Arthur Sherburne;American;American;;https://en.wikipedia.org/wiki/Arthur_Sherburne_Hardy;American
Guernsey, Lucy Ellen;Guernsey Lucy Ellen;American;American;;https://en.wikipedia.org/wiki/Lucy_Ellen_Guernsey;American
Freeman, Mary Eleanor (Wilkins), Mrs;Wilkins Freeman;;American;American;https://en.wikipedia.org/wiki/Mary_Eleanor_Wilkins_Freeman;American
Curzon, G;Curzon G;;;;;
Buntline, Ned;Buntline Ned;;American;;https://en.wikipedia.org/wiki/Ned_Buntline;American
Howard, Jas. H. W. (James H. W.);James H. W. Howard;;American;American;https://en.wikipedia.org/wiki/James_Howard_(writer);American
Browne, J. Jemmett;Browne J. Jemmett;;;;;
Babcock, John Martin Luther;Babcock John Martin Luther;;;;;
Wilson, A. J;Wilson A. J;American;English;British;https://en.wikipedia.org/wiki/A._N._Wilson;British
Sturdy, William A;Sturdy William A;;American;;https://en.wikipedia.org/wiki/Danny_Strong;American
O'Donoghue, Power, Mrs;O'Donoghue Power Mrs;;American;;https://en.wikipedia.org/wiki/Michael_O'Donoghue;American
Boucher, Emile;Boucher Emile;;;;;
Needell, Mary Anna Lupton;Needell Mary Anna Lupton;;English;;https://en.wikipedia.org/wiki/Mary_Anna_Needell;English
Palacio Valdés, Armando;Palacio Valdés Armando;Spanish;Spanish;Spanish;https://en.wikipedia.org/wiki/Armando_Palacio_Valdés;Spanish
Tidball, Mary Langdon;Tidball Mary Langdon;;;;;
Leonhart, Rudolph;Leonhart Rudolph;;German;;https://en.wikipedia.org/wiki/Rudolf_Leonhard;German
Martin, Elizabeth Gilbert;Martin Elizabeth Gilbert;;;;;
Philips, Francis Charles;Philips Francis Charles;;British;;https://en.wikipedia.org/wiki/Francis_Charles_Philips;British
Chetwynd, Henry Wayland, Mrs;Chetwynd Henry Wayland Mrs;;;;;
O'Hanlon, Alice;O'Hanlon Alice;;;;;
Francillon, R. E. (Robert Edward);Robert Edward Francillon;;English;;https://en.wikipedia.org/wiki/Robert_Edward_Francillon;English
Author of Rare pale Margaret;Author of Rare pale Margaret;;American;;https://en.wikipedia.org/wiki/Margaret_Millar;American
Balestier, Charles Wolcott;Balestier Charles Wolcott;;;;;
Hays, Helen;Hays Helen;;American;;https://en.wikipedia.org/wiki/Helen_Hayes;American
Rowsell, Mary C;Rowsell Mary C;;English;English;https://en.wikipedia.org/wiki/Mary_Catherine_Rowsell;English
Fendall, Percy;Fendall Percy;;;;;
Holmes, M. E;Holmes M. E;;;;;
Stephens, Ann S. (Ann Sophia);Ann Sophia Stephens;American;American;American;https://en.wikipedia.org/wiki/Ann_S._Stephens;American
Reid, T. Wemyss (Thomas Wemyss);Thomas Wemyss Reid;;English;;https://en.wikipedia.org/wiki/Thomas_Wemyss_Reid;English
Keenan, Henry F;Keenan Henry F;;American;;https://en.wikipedia.org/wiki/Keenan_Wynn;American
[Talbot, Hannah Lincoln];Talbot Hannah Lincoln;;;;https://en.wikipedia.org/wiki/List_of_unproduced_Image_Comics_projects;
Lynch, Lawrence L;Lynch Lawrence L;;;;;
Halstead, Ada L;Halstead Ada L;American;American;;https://en.wikipedia.org/wiki/Halsted_Sullivan;American
Libbey, Laura Jean;Libbey Laura Jean;American;American;;https://en.wikipedia.org/wiki/Laura_Jean_Libbey;American
Shand, Alexander Innes;Shand Alexander Innes;;;;https://en.wikipedia.org/wiki/Alexander_Shand;
Coxon, Ethel;Coxon Ethel;;;;;
Heard, J. E;Heard J. E;;;;;
Crofts, John;Crofts John;;;;https://en.wikipedia.org/wiki/John_Croft;
Douglas, John;Douglas John;;;;https://en.wikipedia.org/wiki/John_E._Douglas;
Spender, Emily;Spender Emily;English;English;;https://en.wikipedia.org/wiki/Emily_Spender;English
Barnard, Hart;Barnard Hart;;British;British;https://en.wikipedia.org/wiki/B._H._Liddell_Hart;British
Moberly, A;Moberly A;English;English;;https://en.wikipedia.org/wiki/Charlotte_Anne_Moberly;English
Keyser, Arthur Louis;Keyser Arthur Louis;;;;;
Combe, Martin;Combe Martin;;;;;
Bunner, H. C. (Henry Cuyler);Henry Cuyler Bunner;American;American;;https://en.wikipedia.org/wiki/Henry_Cuyler_Bunner;American
Story, William Wetmore;Story William Wetmore;;American;;https://en.wikipedia.org/wiki/William_Wetmore_Story;American
Edwardes, Annie;Edwardes Annie;;English;;https://en.wikipedia.org/wiki/Annie_Edwards;English
Picard, George H. (George Henry);George Henry Picard;;Scottish;;https://en.wikipedia.org/wiki/George_Henry_(painter);Scottish
Frederic, Harold;Frederic Harold;American;American;;https://en.wikipedia.org/wiki/Harold_Frederic;American
Bishop, Putnam P;Bishop Putnam P;;;;https://en.wikipedia.org/wiki/John_Bishop_Putnam;
Cleadas;Cleadas;;;;https://en.wikipedia.org/wiki/List_of_ancient_Greeks;
Strong, Grace;Strong Grace;;American;;https://en.wikipedia.org/wiki/What's_So_Amazing_About_Grace?;American
Hunter, George;Hunter George;American;American;;https://en.wikipedia.org/wiki/George_Hunter_(author);American
Vereshchagin, Vasiliĭ Vasilʹevich;Vereshchagin Vasiliĭ Vasilʹevich;;Russian;Russian;https://en.wikipedia.org/wiki/Vasily_Vereshchagin;Russian
Roberts, Morley;Roberts Morley;English;English;;https://en.wikipedia.org/wiki/Morley_Roberts;English
Coffin, Charles Carleton;Coffin Charles Carleton;American;American;;https://en.wikipedia.org/wiki/Charles_Carleton_Coffin;American
Andrews, Jane;Andrews Jane;American;American;;https://en.wikipedia.org/wiki/Jane_Andrews_(author);American
Smedes, Susan Dabney;Smedes Susan Dabney;;;;https://en.wikipedia.org/wiki/Susan_Dabney_Smedes;
Diaz, Mrs. Abby Morton;Diaz Mrs. Abby Morton;;;American;https://en.wikipedia.org/wiki/Abby_Morton_Diaz;American
Andrews, Robert W;Andrews Robert W;;English;;https://en.wikipedia.org/wiki/Andrew_Roberts_(historian);English
Hill, Grace Livingston;Hill Grace Livingston;;Christian;;https://en.wikipedia.org/wiki/Grace_Livingston_Hill;Christian
Pool, Maria Louise;Pool Maria Louise;American;American;;https://en.wikipedia.org/wiki/Maria_Louise_Pool;American
Post, Mary A, Mrs;Post Mary A Mrs;;;;;
Hort, Alfred, Mrs;Hort Alfred Mrs;;;;;
Burt, Mary Elizabeth;Burt Mary Elizabeth;;;;;
Custer, Elizabeth Bacon;Custer Elizabeth Bacon;American;American;American;https://en.wikipedia.org/wiki/Elizabeth_Bacon_Custer;American
Billings, Edward C;Billings Edward C;;;;;
Humphrey, F[rances] A;Humphrey Frances A;;Anglo;;https://en.wikipedia.org/wiki/Cecil_Frances_Alexander;Anglo
Devol, George H;Devol George H;;American;;https://en.wikipedia.org/wiki/George_Devol;American
Reynardson, C. T. S. Birch (Charles Thomas Samuel Birch);Charles Thomas Samuel Birch Reynardson;;;;;
Haynes, Martin A;Haynes Martin A;;American;;https://en.wikipedia.org/wiki/Martin_Alonzo_Haynes;American
O'Conor-Eccles, Charlotte;O'Conor-Eccles Charlotte;;Irish;;https://en.wikipedia.org/wiki/Charlotte_O'Conor_Eccles;Irish
Wotton, Mabel E;Wotton Mabel E;;English;;https://en.wikipedia.org/wiki/Mabel_E._Wotton;English
McClelland, Margaret Greenway;McClelland Margaret Greenway;;;;;
L'Estrange, A. G;L'Estrange A. G;;English;;https://en.wikipedia.org/wiki/Roger_L'Estrange;English
A[nderson], E[dward] P[retot] [from old catalog];Anderson Edward Pretot from old catalog;;;;;
Saxby, Jessie Margaret Edmondston;Saxby Jessie Margaret Edmondston;;;;https://en.wikipedia.org/wiki/Jessie_Saxby;
Holley, Marietta;Holley Marietta;American;American;American;https://en.wikipedia.org/wiki/Marietta_Holley;American
Ashton, John;Ashton John;;;;https://en.wikipedia.org/wiki/John_Ashton;
Larned, Augusta;Larned Augusta;;;;;
Fontaine, Francis;Fontaine Francis;;American;;https://en.wikipedia.org/wiki/Francis_Fontaine;American
Butterworth, Hezekiah;Butterworth Hezekiah;American;American;;https://en.wikipedia.org/wiki/Hezekiah_Butterworth;American
Stinde, Julius;Stinde Julius;German;German;;https://en.wikipedia.org/wiki/Julius_Stinde;German
Boyer, J. Robert. [from old catalog];Boyer J. Robert. from old catalog;;;;;
Cameron, Verney Lovett;Cameron Verney Lovett;;English;;https://en.wikipedia.org/wiki/Verney_Lovett_Cameron;English
Freytag, Gustav;Freytag Gustav;German;German;;https://en.wikipedia.org/wiki/Gustav_Freytag;German
Korolenko, Vladimir Galaktionovich;Korolenko Vladimir Galaktionovich;Ukrainian;Russian;;https://en.wikipedia.org/wiki/Vladimir_Korolenko;Ukrainian
Bass, George F;Bass George F;;American;;https://en.wikipedia.org/wiki/George_Houston_Bass;American
Burrard, W. Dutton;Burrard W. Dutton;;;;;
McConnell, Annie Bliss;McConnell Annie Bliss;;;;;
Malot, Hector;Malot Hector;;French;;https://en.wikipedia.org/wiki/Hector_Malot;French
Thisted, Valdemar Adolph;Thisted Valdemar Adolph;Danish;Danish;;https://en.wikipedia.org/wiki/Valdemar_Adolph_Thisted;Danish
Thanet, Octave;Thanet Octave;American;American;American;https://en.wikipedia.org/wiki/Alice_French;American
Lee, R;Lee R;American;American;;https://en.wikipedia.org/wiki/Harper_Lee;American
Knudsen, Carl W;Knudsen Carl W;;American;;https://en.wikipedia.org/wiki/Michelle_Knudsen;American
Linskill, Mary;Linskill Mary;;English;;https://en.wikipedia.org/wiki/Mary_Linskill;English
Page, Thomas Nelson;Page Thomas Nelson;American;American;;https://en.wikipedia.org/wiki/Thomas_Nelson_Page;American
Emory, A. M;Emory A. M;;;;;
Baldwin, James;Baldwin James;American;American;fictionAfrican-American;https://en.wikipedia.org/wiki/James_Baldwin;fictionAfrican-American
Crawford, Isabella Valancy;Crawford Isabella Valancy;Canadian;Irish;Canadian;https://en.wikipedia.org/wiki/Isabella_Valancy_Crawford;Canadian
[Thisted, Valdemar Adolph];Thisted Valdemar Adolph;Danish;Danish;;https://en.wikipedia.org/wiki/Valdemar_Adolph_Thisted;Danish
W?_gner, Wilhelm;W?_gner Wilhelm;;German;;https://en.wikipedia.org/wiki/Richard_Wagner;German
Berry, Abel B;Berry Abel B;;;;;
Westbury, Hugh;Westbury Hugh;;;;;
Price, Alice;Price Alice;;English;;https://en.wikipedia.org/wiki/Hugo_Vickers;English
Ogden, Ruth;Ogden Ruth;;American;American;https://en.wikipedia.org/wiki/Ruth_Ogden;American
Norway, Arthur H;Norway Arthur H;;Norwegian;Norwegian;https://en.wikipedia.org/wiki/Arthur_Omre;Norwegian
Townsend, Virginia Frances;Townsend Virginia Frances;;American;;https://en.wikipedia.org/wiki/Virginia_Frances_Townsend;American
Pérez Escrich, Enrique;Pérez Escrich Enrique;;;;;
Rāmasvāmi Raju, P. V;Rāmasvāmi Raju P. V;;;;https://en.wikipedia.org/wiki/Telugu_literature;
Rand, Edward A. (Edward Augustus);Edward Augustus Rand;;;;;
Corbett, Julian Stafford, Sir;Corbett Julian Stafford Sir;;British;;https://en.wikipedia.org/wiki/Julian_Corbett;British
Haynes, Emory James;Haynes Emory James;;;;;
Jameson, Margaret;Jameson Margaret;English;English;;https://en.wikipedia.org/wiki/Storm_Jameson;English
Mann, Mary Tyler Peabody;Mann Mary Tyler Peabody;;American;;https://en.wikipedia.org/wiki/Mary_Tyler_Peabody_Mann;American
McNeel, W. M;McNeel W. M;;American;;https://en.wikipedia.org/wiki/W._K._McNeil;American
Preston, H. W. (Harriet Waters);Harriet Waters Preston;;;;;
Damon, Sophie M;Damon Sophie M;;;;;
Spenser, Mary Clare Wilson;Spenser Mary Clare Wilson;;American;;https://en.wikipedia.org/wiki/Mary_C._Spencer;American
Denison, Mary A. (Mary Andrews);Mary Andrews Denison;;American;;https://en.wikipedia.org/wiki/Mary_Andrews_Denison;American
Meyer, Conrad Ferdinand;Meyer Conrad Ferdinand;Swiss;Swiss;Swiss;https://en.wikipedia.org/wiki/Conrad_Ferdinand_Meyer;Swiss
Smith, M. E;Smith M. E;;;;;
Philips, F. C;Philips F. C;;British;;https://en.wikipedia.org/wiki/Francis_Charles_Philips;British
Hopkins, Alphonso A;Hopkins Alphonso A;;;;;
Panton, Jane Ellen;Panton Jane Ellen;;English;;https://en.wikipedia.org/wiki/Jane_Ellen_Panton;English
Farjeon, B. L. (Benjamin Leopold);Benjamin Leopold Farjeon;English;English;;https://en.wikipedia.org/wiki/Benjamin_Farjeon;English
Volkmann, Richard von;Volkmann Richard von;;German;;https://en.wikipedia.org/wiki/Richard_von_Volkmann;German
Eggleston, Edward;Eggleston Edward;American;American;;https://en.wikipedia.org/wiki/Edward_Eggleston;American
Evans, Augusta J. (Augusta Jane);Augusta Jane Evans;American;American;American;https://en.wikipedia.org/wiki/Augusta_Jane_Evans_Wilson;American
Taylor, Benjamin F. (Benjamin Franklin);Benjamin Franklin Taylor;;;;;
Hinman, Wilbur F;Hinman Wilbur F;;;;;
Gunter, Archibald Clavering;Gunter Archibald Clavering;;British-American;;https://en.wikipedia.org/wiki/Archibald_Clavering_Gunter;British-American
Campbell, Archibald;Campbell Archibald;;Scottish;;https://en.wikipedia.org/wiki/Archibald_Campbell_(satirist);Scottish
Philips, M. (Melville);Melville Philips;;;;;
Musick, John R. (John Roy);John Roy Musick;;American;American;https://en.wikipedia.org/wiki/John_R._Musick;American
Wilson, Henry R;Wilson Henry R;;American;;https://en.wikipedia.org/wiki/Henry_Wilson_Allen;American
Craddock, Charles Egbert;Craddock Charles Egbert;American;American;American;https://en.wikipedia.org/wiki/Mary_Noailles_Murfree;American
Harrison, Burton, Mrs;Harrison Burton Mrs;;American;;https://en.wikipedia.org/wiki/Harrison_Burton;American
Service, John;Service John;;American;;https://en.wikipedia.org/wiki/John_Steinbeck;American
Miss Murfree, Mary;Miss Murfree Mary;;American;American;https://en.wikipedia.org/wiki/Mary_Noailles_Murfree;American
Davidson, Hugh Coleman;Davidson Hugh Coleman;;;;;
Fox, S. M;Fox S. M;American;American;American;https://en.wikipedia.org/wiki/Paula_Fox;American
[Altgeld, Emma F.];Altgeld Emma F.;;American;;https://en.wikipedia.org/wiki/John_Peter_Altgeld;American
Lodge, James, Mrs;Lodge James Mrs;;;;;
Gilbert, Rosa M. (Rosa Mulholland);Rosa Mulholland Gilbert;;Irish;Irish;https://en.wikipedia.org/wiki/Rosa_Mulholland;Irish
Caine, Hall, Sir;Caine Hall Sir;;British;British;https://en.wikipedia.org/wiki/Hall_Caine;British
Cunningham, H. S. (Henry Stewart), Sir;Henry Stewart Cunningham;;British;;https://en.wikipedia.org/wiki/H._S._Cunningham;British
Irving, John Treat;Irving John Treat;;American;;https://en.wikipedia.org/wiki/John_Irving;American
Egan, Maurice Francis;Egan Maurice Francis;;;;;
Harbaugh, T. C;Harbaugh T. C;;American;;https://en.wikipedia.org/wiki/Thomas_Chalmers_Harbaugh;American
Wilton, Mark;Wilton Mark;;;;;
Quiller-Couch, Arthur Thomas, Sir;Quiller-Couch Arthur Thomas Sir;;British;British;https://en.wikipedia.org/wiki/Arthur_Quiller-Couch;British
Tappan, Caroline Sturgis;Tappan Caroline Sturgis;American;American;;https://en.wikipedia.org/wiki/Caroline_Sturgis_Tappan;American
Saltus, Edgar;Saltus Edgar;;American;;https://en.wikipedia.org/wiki/Edgar_Saltus;American
Cliffe, Francis Henry;Cliffe Francis Henry;;;;;
Barton, William Eleazar, 1861-1930;Barton William Eleazar 1861-1930;;;;;
Laffan, May;Laffan May;;;;;
Fogerty, J;Fogerty J;;;;;
Cherbuliez, Victor;Cherbuliez Victor;Swiss;German;;https://en.wikipedia.org/wiki/Victor_Cherbuliez;Swiss
Hardy, Iza Duffus;Hardy Iza Duffus;;British;;https://en.wikipedia.org/wiki/Iza_Duffus_Hardy;British
Bayly, Ada Ellen;Bayly Ada Ellen;;English;English;https://en.wikipedia.org/wiki/Ada_Ellen_Bayly;English
[Hartley] M. L, Mrs;Hartley M. L Mrs;;American;;https://en.wikipedia.org/wiki/Mariette_Hartley;American
Wildenbruch, Ernst von;Wildenbruch Ernst von;German;German;;https://en.wikipedia.org/wiki/Ernst_von_Wildenbruch;German
Wynne, Catherine Simpson;Wynne Catherine Simpson;;;;;
Badger, Jos. E. (Joseph Edward);Joseph Edward Badger;;;;;
Chadwick, J. H;Chadwick J. H;;American;;https://en.wikipedia.org/wiki/Chadwick_Boseman;American
Adam, Graeme Mercer;Adam Graeme Mercer;;Canadian;;https://en.wikipedia.org/wiki/Graeme_Mercer_Adam;Canadian
Bangs, John Kendrick;Bangs John Kendrick;American;American;Bangsian;https://en.wikipedia.org/wiki/John_Kendrick_Bangs;Bangsian
Veley, Margaret;Veley Margaret;;British;;https://en.wikipedia.org/wiki/Margaret_Veley;British
O'Meara, Kathleen;O'Meara Kathleen;;Irish;Irish;https://en.wikipedia.org/wiki/Kathleen_O'Meara_(writer);Irish
Majendie, Margaret;Majendie Margaret;;;;;
Dorsey, Anna Hanson;Dorsey Anna Hanson;American;American;American;https://en.wikipedia.org/wiki/Anna_Hanson_Dorsey;American
Hopkins, Alice K;Hopkins Alice K;;;;;
Salter, Peter King;Salter Peter King;;American;;https://en.wikipedia.org/wiki/Peter_King_(sportswriter);American
Kirkland, Joseph;Kirkland Joseph;American;American;;https://en.wikipedia.org/wiki/Joseph_Kirkland;American
Habberton, John;Habberton John;American;American;;https://en.wikipedia.org/wiki/John_Habberton;American
Brown, Alice;Brown Alice;American;American;;https://en.wikipedia.org/wiki/Alice_Brown_(writer);American
Perkins, George;Perkins George;;American;;https://en.wikipedia.org/wiki/George_Perkins_Marsh;American
Barry, William Francis;Barry William Francis;;British;British;https://en.wikipedia.org/wiki/William_Francis_Barry;British
Richards, Laura Elizabeth Howe;Richards Laura Elizabeth Howe;American;American;;https://en.wikipedia.org/wiki/Laura_E._Richards;American
Burnand, F. C. (Francis Cowley), Sir;Francis Cowley Burnand;;English;;https://en.wikipedia.org/wiki/F._C._Burnand;English
Bigg-Wither, G;Bigg-Wither G;;;;https://en.wikipedia.org/wiki/Charles_Bigg_Wither;
Kraszewski, Józef Ignacy;Kraszewski Józef Ignacy;;Polish;Polish;https://en.wikipedia.org/wiki/Józef_Ignacy_Kraszewski;Polish
Gissing, George;Gissing George;English;English;;https://en.wikipedia.org/wiki/George_Gissing;English
Lloyd, Jessie Sale;Lloyd Jessie Sale;;;;;
De Kroyft, Helen (Aldrich), Mrs;Aldrich De Kroyft;;;;;
Curtois, Margaret Anne;Curtois Margaret Anne;;;;;
Barr, Amelia E;Barr Amelia E;;;;;
Robinson, Rowland Evans;Robinson Rowland Evans;;American;;https://en.wikipedia.org/wiki/Rowland_Robinson;American
Mulholland, Clara;Mulholland Clara;;French;;https://en.wikipedia.org/wiki/Clara_Mulholland;French
Jennings, N. A;Jennings N. A;;English;Australian;https://en.wikipedia.org/wiki/Paul_Jennings_(Australian_author);Australian
Frith, William Powell;Frith William Powell;English;English;British;https://en.wikipedia.org/wiki/William_Powell_Frith;British
Hedrick, Mary A;Hedrick Mary A;;;;;
[Knapp, Katharine];Knapp Katharine;;;;;
Maimon, Salomon;Maimon Salomon;;German;;https://en.wikipedia.org/wiki/Salomon_Maimon;German
Dickinson, J;Dickinson J;American;American;;https://en.wikipedia.org/wiki/Emily_Dickinson;American
Gordon, Armistead C. (Armistead Churchill);Armistead Churchill Gordon;;;;https://en.wikipedia.org/wiki/Armistead_C._Gordon;
Enault, Louis;Enault Louis;French;French;;https://en.wikipedia.org/wiki/Louis_Renault_(jurist);French
Hillam, S. A;Hillam S. A;;;;;
Nobody;Nobody;American;American;;https://en.wikipedia.org/wiki/Derek_Kolstad;American
Manuel, Don Juan;Manuel Don Juan;;Spanish;;https://en.wikipedia.org/wiki/Don_Juan_Manuel;Spanish
Colerick, E. Fenwick;Colerick E. Fenwick;;;;;
Owen, Catherine;Owen Catherine;Canadian;Canadian;;https://en.wikipedia.org/wiki/Catherine_Owen_(writer);Canadian
Post, C. C. (Charles Clement);Charles Clement Post;;;;;
Turner, Edward F;Turner Edward F;;English;;https://en.wikipedia.org/wiki/Edward_Turner_Bennett;English
Arnold, Edwin Lester Londen;Arnold Edwin Lester Londen;;English;;https://en.wikipedia.org/wiki/Edwin_Lester_Arnold;English
Sharp, William;Sharp William;;Scottish;Scottish;https://en.wikipedia.org/wiki/William_Sharp_(writer);Scottish
Cracraft, Louise Dudley;Cracraft Louise Dudley;;;;;
Craigie, Mary E;Craigie Mary E;;;;;
Thornhill, Mark;Thornhill Mark;;;;;
Worthington, Elizabeth Strong;Worthington Elizabeth Strong;;American;American;https://en.wikipedia.org/wiki/Elizabeth_Strong_Worthington;American
Waterloo, Stanley;Waterloo Stanley;American;American;American;https://en.wikipedia.org/wiki/Stanley_Waterloo;American
Storm, Theodor;Storm Theodor;;German;;https://en.wikipedia.org/wiki/Theodor_Storm;German
Messmer, John J;Messmer John J;;;;;
Hughes, Thomas;Hughes Thomas;;English;English;https://en.wikipedia.org/wiki/Thomas_Hughes;English
Whiteing, Richard;Whiteing Richard;;American;;https://en.wikipedia.org/wiki/Richard_White_(historian);American
Lear, Edward;Lear Edward;English;English;British;https://en.wikipedia.org/wiki/Edward_Lear;British
Clouston, W. A. (William Alexander);William Alexander Clouston;;Scotch;;https://en.wikipedia.org/wiki/William_Alexander_Clouston;Scotch
Riley, James Whitcomb;Riley James Whitcomb;American;American;;https://en.wikipedia.org/wiki/James_Whitcomb_Riley;American
Clarke, James Freeman;Clarke James Freeman;;American;;https://en.wikipedia.org/wiki/James_Freeman_Clarke;American
Richardson, Benjamin Ward;Richardson Benjamin Ward;British;British;British;https://en.wikipedia.org/wiki/Benjamin_Ward_Richardson;British
Lansing, Jenny H. Stickney;Lansing Jenny H. Stickney;;;;;
Johnson, Phil;Johnson Phil;;;;;
Nitsch, Helen Alice Matthews;Nitsch Helen Alice Matthews;;;;;
Wilbrandt, Adolf;Wilbrandt Adolf;German;German;;https://en.wikipedia.org/wiki/Adolf_Wilbrandt;German
Morris, Robert;Morris Robert;British;British;British;https://en.wikipedia.org/wiki/David_Gwilym_Morris_Roberts;British
Troubetzkoy, Amélie (Rives) Chanler;Rives Troubetzkoy;American;American;American;https://en.wikipedia.org/wiki/Amélie_Rives_Troubetzkoy;American
Collyer, Robert;Collyer Robert;American;English;;https://en.wikipedia.org/wiki/Robert_Collyer;American
Baker, George M;Baker George M;American;American;;https://en.wikipedia.org/wiki/George_Baker_(art_historian);American
Lothrop, Harriett Mulford Stone;Lothrop Harriett Mulford Stone;;American;;https://en.wikipedia.org/wiki/Harriett_Lothrop;American